section_name,item_no,result_json
column grants,1,"{""table"":""participants"",""column"":""choice"",""schema"":""public"",""grantee"":""anon"",""grantor"":""postgres"",""is_grantable"":""NO"",""privilege_type"":""INSERT""}"
column grants,2,"{""table"":""participants"",""column"":""choice"",""schema"":""public"",""grantee"":""anon"",""grantor"":""postgres"",""is_grantable"":""NO"",""privilege_type"":""SELECT""}"
column grants,3,"{""table"":""participants"",""column"":""choice"",""schema"":""public"",""grantee"":""anon"",""grantor"":""postgres"",""is_grantable"":""NO"",""privilege_type"":""UPDATE""}"
column grants,4,"{""table"":""participants"",""column"":""created_at"",""schema"":""public"",""grantee"":""anon"",""grantor"":""postgres"",""is_grantable"":""NO"",""privilege_type"":""INSERT""}"
column grants,5,"{""table"":""participants"",""column"":""created_at"",""schema"":""public"",""grantee"":""anon"",""grantor"":""postgres"",""is_grantable"":""NO"",""privilege_type"":""SELECT""}"
column grants,6,"{""table"":""participants"",""column"":""created_at"",""schema"":""public"",""grantee"":""anon"",""grantor"":""postgres"",""is_grantable"":""NO"",""privilege_type"":""UPDATE""}"
column grants,7,"{""table"":""participants"",""column"":""draws"",""schema"":""public"",""grantee"":""anon"",""grantor"":""postgres"",""is_grantable"":""NO"",""privilege_type"":""INSERT""}"
column grants,8,"{""table"":""participants"",""column"":""draws"",""schema"":""public"",""grantee"":""anon"",""grantor"":""postgres"",""is_grantable"":""NO"",""privilege_type"":""SELECT""}"
column grants,9,"{""table"":""participants"",""column"":""draws"",""schema"":""public"",""grantee"":""anon"",""grantor"":""postgres"",""is_grantable"":""NO"",""privilege_type"":""UPDATE""}"
column grants,10,"{""table"":""participants"",""column"":""id"",""schema"":""public"",""grantee"":""anon"",""grantor"":""postgres"",""is_grantable"":""NO"",""privilege_type"":""INSERT""}"
column grants,11,"{""table"":""participants"",""column"":""id"",""schema"":""public"",""grantee"":""anon"",""grantor"":""postgres"",""is_grantable"":""NO"",""privilege_type"":""SELECT""}"
column grants,12,"{""table"":""participants"",""column"":""id"",""schema"":""public"",""grantee"":""anon"",""grantor"":""postgres"",""is_grantable"":""NO"",""privilege_type"":""UPDATE""}"
column grants,13,"{""table"":""participants"",""column"":""is_host"",""schema"":""public"",""grantee"":""anon"",""grantor"":""postgres"",""is_grantable"":""NO"",""privilege_type"":""INSERT""}"
column grants,14,"{""table"":""participants"",""column"":""is_host"",""schema"":""public"",""grantee"":""anon"",""grantor"":""postgres"",""is_grantable"":""NO"",""privilege_type"":""SELECT""}"
column grants,15,"{""table"":""participants"",""column"":""is_host"",""schema"":""public"",""grantee"":""anon"",""grantor"":""postgres"",""is_grantable"":""NO"",""privilege_type"":""UPDATE""}"
column grants,16,"{""table"":""participants"",""column"":""is_ready"",""schema"":""public"",""grantee"":""anon"",""grantor"":""postgres"",""is_grantable"":""NO"",""privilege_type"":""INSERT""}"
column grants,17,"{""table"":""participants"",""column"":""is_ready"",""schema"":""public"",""grantee"":""anon"",""grantor"":""postgres"",""is_grantable"":""NO"",""privilege_type"":""SELECT""}"
column grants,18,"{""table"":""participants"",""column"":""is_ready"",""schema"":""public"",""grantee"":""anon"",""grantor"":""postgres"",""is_grantable"":""NO"",""privilege_type"":""UPDATE""}"
column grants,19,"{""table"":""participants"",""column"":""leave_after_round"",""schema"":""public"",""grantee"":""anon"",""grantor"":""postgres"",""is_grantable"":""NO"",""privilege_type"":""INSERT""}"
column grants,20,"{""table"":""participants"",""column"":""leave_after_round"",""schema"":""public"",""grantee"":""anon"",""grantor"":""postgres"",""is_grantable"":""NO"",""privilege_type"":""SELECT""}"
column grants,21,"{""table"":""participants"",""column"":""leave_after_round"",""schema"":""public"",""grantee"":""anon"",""grantor"":""postgres"",""is_grantable"":""NO"",""privilege_type"":""UPDATE""}"
column grants,22,"{""table"":""participants"",""column"":""losses"",""schema"":""public"",""grantee"":""anon"",""grantor"":""postgres"",""is_grantable"":""NO"",""privilege_type"":""INSERT""}"
column grants,23,"{""table"":""participants"",""column"":""losses"",""schema"":""public"",""grantee"":""anon"",""grantor"":""postgres"",""is_grantable"":""NO"",""privilege_type"":""SELECT""}"
column grants,24,"{""table"":""participants"",""column"":""losses"",""schema"":""public"",""grantee"":""anon"",""grantor"":""postgres"",""is_grantable"":""NO"",""privilege_type"":""UPDATE""}"
column grants,25,"{""table"":""participants"",""column"":""name"",""schema"":""public"",""grantee"":""anon"",""grantor"":""postgres"",""is_grantable"":""NO"",""privilege_type"":""INSERT""}"
column grants,26,"{""table"":""participants"",""column"":""name"",""schema"":""public"",""grantee"":""anon"",""grantor"":""postgres"",""is_grantable"":""NO"",""privilege_type"":""SELECT""}"
column grants,27,"{""table"":""participants"",""column"":""name"",""schema"":""public"",""grantee"":""anon"",""grantor"":""postgres"",""is_grantable"":""NO"",""privilege_type"":""UPDATE""}"
column grants,28,"{""table"":""participants"",""column"":""penalties"",""schema"":""public"",""grantee"":""anon"",""grantor"":""postgres"",""is_grantable"":""NO"",""privilege_type"":""INSERT""}"
column grants,29,"{""table"":""participants"",""column"":""penalties"",""schema"":""public"",""grantee"":""anon"",""grantor"":""postgres"",""is_grantable"":""NO"",""privilege_type"":""SELECT""}"
column grants,30,"{""table"":""participants"",""column"":""penalties"",""schema"":""public"",""grantee"":""anon"",""grantor"":""postgres"",""is_grantable"":""NO"",""privilege_type"":""UPDATE""}"
column grants,31,"{""table"":""participants"",""column"":""room_id"",""schema"":""public"",""grantee"":""anon"",""grantor"":""postgres"",""is_grantable"":""NO"",""privilege_type"":""INSERT""}"
column grants,32,"{""table"":""participants"",""column"":""room_id"",""schema"":""public"",""grantee"":""anon"",""grantor"":""postgres"",""is_grantable"":""NO"",""privilege_type"":""SELECT""}"
column grants,33,"{""table"":""participants"",""column"":""room_id"",""schema"":""public"",""grantee"":""anon"",""grantor"":""postgres"",""is_grantable"":""NO"",""privilege_type"":""UPDATE""}"
column grants,34,"{""table"":""participants"",""column"":""wins"",""schema"":""public"",""grantee"":""anon"",""grantor"":""postgres"",""is_grantable"":""NO"",""privilege_type"":""INSERT""}"
column grants,35,"{""table"":""participants"",""column"":""wins"",""schema"":""public"",""grantee"":""anon"",""grantor"":""postgres"",""is_grantable"":""NO"",""privilege_type"":""SELECT""}"
column grants,36,"{""table"":""participants"",""column"":""wins"",""schema"":""public"",""grantee"":""anon"",""grantor"":""postgres"",""is_grantable"":""NO"",""privilege_type"":""UPDATE""}"
column grants,37,"{""table"":""participants"",""column"":""choice"",""schema"":""public"",""grantee"":""authenticated"",""grantor"":""postgres"",""is_grantable"":""NO"",""privilege_type"":""INSERT""}"
column grants,38,"{""table"":""participants"",""column"":""choice"",""schema"":""public"",""grantee"":""authenticated"",""grantor"":""postgres"",""is_grantable"":""NO"",""privilege_type"":""SELECT""}"
column grants,39,"{""table"":""participants"",""column"":""choice"",""schema"":""public"",""grantee"":""authenticated"",""grantor"":""postgres"",""is_grantable"":""NO"",""privilege_type"":""UPDATE""}"
column grants,40,"{""table"":""participants"",""column"":""created_at"",""schema"":""public"",""grantee"":""authenticated"",""grantor"":""postgres"",""is_grantable"":""NO"",""privilege_type"":""INSERT""}"
column grants,41,"{""table"":""participants"",""column"":""created_at"",""schema"":""public"",""grantee"":""authenticated"",""grantor"":""postgres"",""is_grantable"":""NO"",""privilege_type"":""SELECT""}"
column grants,42,"{""table"":""participants"",""column"":""created_at"",""schema"":""public"",""grantee"":""authenticated"",""grantor"":""postgres"",""is_grantable"":""NO"",""privilege_type"":""UPDATE""}"
column grants,43,"{""table"":""participants"",""column"":""draws"",""schema"":""public"",""grantee"":""authenticated"",""grantor"":""postgres"",""is_grantable"":""NO"",""privilege_type"":""INSERT""}"
column grants,44,"{""table"":""participants"",""column"":""draws"",""schema"":""public"",""grantee"":""authenticated"",""grantor"":""postgres"",""is_grantable"":""NO"",""privilege_type"":""SELECT""}"
column grants,45,"{""table"":""participants"",""column"":""draws"",""schema"":""public"",""grantee"":""authenticated"",""grantor"":""postgres"",""is_grantable"":""NO"",""privilege_type"":""UPDATE""}"
column grants,46,"{""table"":""participants"",""column"":""id"",""schema"":""public"",""grantee"":""authenticated"",""grantor"":""postgres"",""is_grantable"":""NO"",""privilege_type"":""INSERT""}"
column grants,47,"{""table"":""participants"",""column"":""id"",""schema"":""public"",""grantee"":""authenticated"",""grantor"":""postgres"",""is_grantable"":""NO"",""privilege_type"":""SELECT""}"
column grants,48,"{""table"":""participants"",""column"":""id"",""schema"":""public"",""grantee"":""authenticated"",""grantor"":""postgres"",""is_grantable"":""NO"",""privilege_type"":""UPDATE""}"
column grants,49,"{""table"":""participants"",""column"":""is_host"",""schema"":""public"",""grantee"":""authenticated"",""grantor"":""postgres"",""is_grantable"":""NO"",""privilege_type"":""INSERT""}"
column grants,50,"{""table"":""participants"",""column"":""is_host"",""schema"":""public"",""grantee"":""authenticated"",""grantor"":""postgres"",""is_grantable"":""NO"",""privilege_type"":""SELECT""}"
column grants,51,"{""table"":""participants"",""column"":""is_host"",""schema"":""public"",""grantee"":""authenticated"",""grantor"":""postgres"",""is_grantable"":""NO"",""privilege_type"":""UPDATE""}"
column grants,52,"{""table"":""participants"",""column"":""is_ready"",""schema"":""public"",""grantee"":""authenticated"",""grantor"":""postgres"",""is_grantable"":""NO"",""privilege_type"":""INSERT""}"
column grants,53,"{""table"":""participants"",""column"":""is_ready"",""schema"":""public"",""grantee"":""authenticated"",""grantor"":""postgres"",""is_grantable"":""NO"",""privilege_type"":""SELECT""}"
column grants,54,"{""table"":""participants"",""column"":""is_ready"",""schema"":""public"",""grantee"":""authenticated"",""grantor"":""postgres"",""is_grantable"":""NO"",""privilege_type"":""UPDATE""}"
column grants,55,"{""table"":""participants"",""column"":""leave_after_round"",""schema"":""public"",""grantee"":""authenticated"",""grantor"":""postgres"",""is_grantable"":""NO"",""privilege_type"":""INSERT""}"
column grants,56,"{""table"":""participants"",""column"":""leave_after_round"",""schema"":""public"",""grantee"":""authenticated"",""grantor"":""postgres"",""is_grantable"":""NO"",""privilege_type"":""SELECT""}"
column grants,57,"{""table"":""participants"",""column"":""leave_after_round"",""schema"":""public"",""grantee"":""authenticated"",""grantor"":""postgres"",""is_grantable"":""NO"",""privilege_type"":""UPDATE""}"
column grants,58,"{""table"":""participants"",""column"":""losses"",""schema"":""public"",""grantee"":""authenticated"",""grantor"":""postgres"",""is_grantable"":""NO"",""privilege_type"":""INSERT""}"
column grants,59,"{""table"":""participants"",""column"":""losses"",""schema"":""public"",""grantee"":""authenticated"",""grantor"":""postgres"",""is_grantable"":""NO"",""privilege_type"":""SELECT""}"
column grants,60,"{""table"":""participants"",""column"":""losses"",""schema"":""public"",""grantee"":""authenticated"",""grantor"":""postgres"",""is_grantable"":""NO"",""privilege_type"":""UPDATE""}"
column grants,61,"{""table"":""participants"",""column"":""name"",""schema"":""public"",""grantee"":""authenticated"",""grantor"":""postgres"",""is_grantable"":""NO"",""privilege_type"":""INSERT""}"
column grants,62,"{""table"":""participants"",""column"":""name"",""schema"":""public"",""grantee"":""authenticated"",""grantor"":""postgres"",""is_grantable"":""NO"",""privilege_type"":""SELECT""}"
column grants,63,"{""table"":""participants"",""column"":""name"",""schema"":""public"",""grantee"":""authenticated"",""grantor"":""postgres"",""is_grantable"":""NO"",""privilege_type"":""UPDATE""}"
column grants,64,"{""table"":""participants"",""column"":""penalties"",""schema"":""public"",""grantee"":""authenticated"",""grantor"":""postgres"",""is_grantable"":""NO"",""privilege_type"":""INSERT""}"
column grants,65,"{""table"":""participants"",""column"":""penalties"",""schema"":""public"",""grantee"":""authenticated"",""grantor"":""postgres"",""is_grantable"":""NO"",""privilege_type"":""SELECT""}"
column grants,66,"{""table"":""participants"",""column"":""penalties"",""schema"":""public"",""grantee"":""authenticated"",""grantor"":""postgres"",""is_grantable"":""NO"",""privilege_type"":""UPDATE""}"
column grants,67,"{""table"":""participants"",""column"":""room_id"",""schema"":""public"",""grantee"":""authenticated"",""grantor"":""postgres"",""is_grantable"":""NO"",""privilege_type"":""INSERT""}"
column grants,68,"{""table"":""participants"",""column"":""room_id"",""schema"":""public"",""grantee"":""authenticated"",""grantor"":""postgres"",""is_grantable"":""NO"",""privilege_type"":""SELECT""}"
column grants,69,"{""table"":""participants"",""column"":""room_id"",""schema"":""public"",""grantee"":""authenticated"",""grantor"":""postgres"",""is_grantable"":""NO"",""privilege_type"":""UPDATE""}"
column grants,70,"{""table"":""participants"",""column"":""wins"",""schema"":""public"",""grantee"":""authenticated"",""grantor"":""postgres"",""is_grantable"":""NO"",""privilege_type"":""INSERT""}"
column grants,71,"{""table"":""participants"",""column"":""wins"",""schema"":""public"",""grantee"":""authenticated"",""grantor"":""postgres"",""is_grantable"":""NO"",""privilege_type"":""SELECT""}"
column grants,72,"{""table"":""participants"",""column"":""wins"",""schema"":""public"",""grantee"":""authenticated"",""grantor"":""postgres"",""is_grantable"":""NO"",""privilege_type"":""UPDATE""}"
column grants,73,"{""table"":""participants"",""column"":""choice"",""schema"":""public"",""grantee"":""postgres"",""grantor"":""postgres"",""is_grantable"":""YES"",""privilege_type"":""INSERT""}"
column grants,74,"{""table"":""participants"",""column"":""choice"",""schema"":""public"",""grantee"":""postgres"",""grantor"":""postgres"",""is_grantable"":""YES"",""privilege_type"":""REFERENCES""}"
column grants,75,"{""table"":""participants"",""column"":""choice"",""schema"":""public"",""grantee"":""postgres"",""grantor"":""postgres"",""is_grantable"":""YES"",""privilege_type"":""SELECT""}"
column grants,76,"{""table"":""participants"",""column"":""choice"",""schema"":""public"",""grantee"":""postgres"",""grantor"":""postgres"",""is_grantable"":""YES"",""privilege_type"":""UPDATE""}"
column grants,77,"{""table"":""participants"",""column"":""created_at"",""schema"":""public"",""grantee"":""postgres"",""grantor"":""postgres"",""is_grantable"":""YES"",""privilege_type"":""INSERT""}"
column grants,78,"{""table"":""participants"",""column"":""created_at"",""schema"":""public"",""grantee"":""postgres"",""grantor"":""postgres"",""is_grantable"":""YES"",""privilege_type"":""REFERENCES""}"
column grants,79,"{""table"":""participants"",""column"":""created_at"",""schema"":""public"",""grantee"":""postgres"",""grantor"":""postgres"",""is_grantable"":""YES"",""privilege_type"":""SELECT""}"
column grants,80,"{""table"":""participants"",""column"":""created_at"",""schema"":""public"",""grantee"":""postgres"",""grantor"":""postgres"",""is_grantable"":""YES"",""privilege_type"":""UPDATE""}"
column grants,81,"{""table"":""participants"",""column"":""draws"",""schema"":""public"",""grantee"":""postgres"",""grantor"":""postgres"",""is_grantable"":""YES"",""privilege_type"":""INSERT""}"
column grants,82,"{""table"":""participants"",""column"":""draws"",""schema"":""public"",""grantee"":""postgres"",""grantor"":""postgres"",""is_grantable"":""YES"",""privilege_type"":""REFERENCES""}"
column grants,83,"{""table"":""participants"",""column"":""draws"",""schema"":""public"",""grantee"":""postgres"",""grantor"":""postgres"",""is_grantable"":""YES"",""privilege_type"":""SELECT""}"
column grants,84,"{""table"":""participants"",""column"":""draws"",""schema"":""public"",""grantee"":""postgres"",""grantor"":""postgres"",""is_grantable"":""YES"",""privilege_type"":""UPDATE""}"
column grants,85,"{""table"":""participants"",""column"":""id"",""schema"":""public"",""grantee"":""postgres"",""grantor"":""postgres"",""is_grantable"":""YES"",""privilege_type"":""INSERT""}"
column grants,86,"{""table"":""participants"",""column"":""id"",""schema"":""public"",""grantee"":""postgres"",""grantor"":""postgres"",""is_grantable"":""YES"",""privilege_type"":""REFERENCES""}"
column grants,87,"{""table"":""participants"",""column"":""id"",""schema"":""public"",""grantee"":""postgres"",""grantor"":""postgres"",""is_grantable"":""YES"",""privilege_type"":""SELECT""}"
column grants,88,"{""table"":""participants"",""column"":""id"",""schema"":""public"",""grantee"":""postgres"",""grantor"":""postgres"",""is_grantable"":""YES"",""privilege_type"":""UPDATE""}"
column grants,89,"{""table"":""participants"",""column"":""is_host"",""schema"":""public"",""grantee"":""postgres"",""grantor"":""postgres"",""is_grantable"":""YES"",""privilege_type"":""INSERT""}"
column grants,90,"{""table"":""participants"",""column"":""is_host"",""schema"":""public"",""grantee"":""postgres"",""grantor"":""postgres"",""is_grantable"":""YES"",""privilege_type"":""REFERENCES""}"
column grants,91,"{""table"":""participants"",""column"":""is_host"",""schema"":""public"",""grantee"":""postgres"",""grantor"":""postgres"",""is_grantable"":""YES"",""privilege_type"":""SELECT""}"
column grants,92,"{""table"":""participants"",""column"":""is_host"",""schema"":""public"",""grantee"":""postgres"",""grantor"":""postgres"",""is_grantable"":""YES"",""privilege_type"":""UPDATE""}"
column grants,93,"{""table"":""participants"",""column"":""is_ready"",""schema"":""public"",""grantee"":""postgres"",""grantor"":""postgres"",""is_grantable"":""YES"",""privilege_type"":""INSERT""}"
column grants,94,"{""table"":""participants"",""column"":""is_ready"",""schema"":""public"",""grantee"":""postgres"",""grantor"":""postgres"",""is_grantable"":""YES"",""privilege_type"":""REFERENCES""}"
column grants,95,"{""table"":""participants"",""column"":""is_ready"",""schema"":""public"",""grantee"":""postgres"",""grantor"":""postgres"",""is_grantable"":""YES"",""privilege_type"":""SELECT""}"
column grants,96,"{""table"":""participants"",""column"":""is_ready"",""schema"":""public"",""grantee"":""postgres"",""grantor"":""postgres"",""is_grantable"":""YES"",""privilege_type"":""UPDATE""}"
column grants,97,"{""table"":""participants"",""column"":""leave_after_round"",""schema"":""public"",""grantee"":""postgres"",""grantor"":""postgres"",""is_grantable"":""YES"",""privilege_type"":""INSERT""}"
column grants,98,"{""table"":""participants"",""column"":""leave_after_round"",""schema"":""public"",""grantee"":""postgres"",""grantor"":""postgres"",""is_grantable"":""YES"",""privilege_type"":""REFERENCES""}"
column grants,99,"{""table"":""participants"",""column"":""leave_after_round"",""schema"":""public"",""grantee"":""postgres"",""grantor"":""postgres"",""is_grantable"":""YES"",""privilege_type"":""SELECT""}"
column grants,100,"{""table"":""participants"",""column"":""leave_after_round"",""schema"":""public"",""grantee"":""postgres"",""grantor"":""postgres"",""is_grantable"":""YES"",""privilege_type"":""UPDATE""}"
column grants,101,"{""table"":""participants"",""column"":""losses"",""schema"":""public"",""grantee"":""postgres"",""grantor"":""postgres"",""is_grantable"":""YES"",""privilege_type"":""INSERT""}"
column grants,102,"{""table"":""participants"",""column"":""losses"",""schema"":""public"",""grantee"":""postgres"",""grantor"":""postgres"",""is_grantable"":""YES"",""privilege_type"":""REFERENCES""}"
column grants,103,"{""table"":""participants"",""column"":""losses"",""schema"":""public"",""grantee"":""postgres"",""grantor"":""postgres"",""is_grantable"":""YES"",""privilege_type"":""SELECT""}"
column grants,104,"{""table"":""participants"",""column"":""losses"",""schema"":""public"",""grantee"":""postgres"",""grantor"":""postgres"",""is_grantable"":""YES"",""privilege_type"":""UPDATE""}"
column grants,105,"{""table"":""participants"",""column"":""name"",""schema"":""public"",""grantee"":""postgres"",""grantor"":""postgres"",""is_grantable"":""YES"",""privilege_type"":""INSERT""}"
column grants,106,"{""table"":""participants"",""column"":""name"",""schema"":""public"",""grantee"":""postgres"",""grantor"":""postgres"",""is_grantable"":""YES"",""privilege_type"":""REFERENCES""}"
column grants,107,"{""table"":""participants"",""column"":""name"",""schema"":""public"",""grantee"":""postgres"",""grantor"":""postgres"",""is_grantable"":""YES"",""privilege_type"":""SELECT""}"
column grants,108,"{""table"":""participants"",""column"":""name"",""schema"":""public"",""grantee"":""postgres"",""grantor"":""postgres"",""is_grantable"":""YES"",""privilege_type"":""UPDATE""}"
column grants,109,"{""table"":""participants"",""column"":""penalties"",""schema"":""public"",""grantee"":""postgres"",""grantor"":""postgres"",""is_grantable"":""YES"",""privilege_type"":""INSERT""}"
column grants,110,"{""table"":""participants"",""column"":""penalties"",""schema"":""public"",""grantee"":""postgres"",""grantor"":""postgres"",""is_grantable"":""YES"",""privilege_type"":""REFERENCES""}"
column grants,111,"{""table"":""participants"",""column"":""penalties"",""schema"":""public"",""grantee"":""postgres"",""grantor"":""postgres"",""is_grantable"":""YES"",""privilege_type"":""SELECT""}"
column grants,112,"{""table"":""participants"",""column"":""penalties"",""schema"":""public"",""grantee"":""postgres"",""grantor"":""postgres"",""is_grantable"":""YES"",""privilege_type"":""UPDATE""}"
column grants,113,"{""table"":""participants"",""column"":""room_id"",""schema"":""public"",""grantee"":""postgres"",""grantor"":""postgres"",""is_grantable"":""YES"",""privilege_type"":""INSERT""}"
column grants,114,"{""table"":""participants"",""column"":""room_id"",""schema"":""public"",""grantee"":""postgres"",""grantor"":""postgres"",""is_grantable"":""YES"",""privilege_type"":""REFERENCES""}"
column grants,115,"{""table"":""participants"",""column"":""room_id"",""schema"":""public"",""grantee"":""postgres"",""grantor"":""postgres"",""is_grantable"":""YES"",""privilege_type"":""SELECT""}"
column grants,116,"{""table"":""participants"",""column"":""room_id"",""schema"":""public"",""grantee"":""postgres"",""grantor"":""postgres"",""is_grantable"":""YES"",""privilege_type"":""UPDATE""}"
column grants,117,"{""table"":""participants"",""column"":""wins"",""schema"":""public"",""grantee"":""postgres"",""grantor"":""postgres"",""is_grantable"":""YES"",""privilege_type"":""INSERT""}"
column grants,118,"{""table"":""participants"",""column"":""wins"",""schema"":""public"",""grantee"":""postgres"",""grantor"":""postgres"",""is_grantable"":""YES"",""privilege_type"":""REFERENCES""}"
column grants,119,"{""table"":""participants"",""column"":""wins"",""schema"":""public"",""grantee"":""postgres"",""grantor"":""postgres"",""is_grantable"":""YES"",""privilege_type"":""SELECT""}"
column grants,120,"{""table"":""participants"",""column"":""wins"",""schema"":""public"",""grantee"":""postgres"",""grantor"":""postgres"",""is_grantable"":""YES"",""privilege_type"":""UPDATE""}"
column grants,121,"{""table"":""participants"",""column"":""choice"",""schema"":""public"",""grantee"":""service_role"",""grantor"":""postgres"",""is_grantable"":""NO"",""privilege_type"":""INSERT""}"
column grants,122,"{""table"":""participants"",""column"":""choice"",""schema"":""public"",""grantee"":""service_role"",""grantor"":""postgres"",""is_grantable"":""NO"",""privilege_type"":""REFERENCES""}"
column grants,123,"{""table"":""participants"",""column"":""choice"",""schema"":""public"",""grantee"":""service_role"",""grantor"":""postgres"",""is_grantable"":""NO"",""privilege_type"":""SELECT""}"
column grants,124,"{""table"":""participants"",""column"":""choice"",""schema"":""public"",""grantee"":""service_role"",""grantor"":""postgres"",""is_grantable"":""NO"",""privilege_type"":""UPDATE""}"
column grants,125,"{""table"":""participants"",""column"":""created_at"",""schema"":""public"",""grantee"":""service_role"",""grantor"":""postgres"",""is_grantable"":""NO"",""privilege_type"":""INSERT""}"
column grants,126,"{""table"":""participants"",""column"":""created_at"",""schema"":""public"",""grantee"":""service_role"",""grantor"":""postgres"",""is_grantable"":""NO"",""privilege_type"":""REFERENCES""}"
column grants,127,"{""table"":""participants"",""column"":""created_at"",""schema"":""public"",""grantee"":""service_role"",""grantor"":""postgres"",""is_grantable"":""NO"",""privilege_type"":""SELECT""}"
column grants,128,"{""table"":""participants"",""column"":""created_at"",""schema"":""public"",""grantee"":""service_role"",""grantor"":""postgres"",""is_grantable"":""NO"",""privilege_type"":""UPDATE""}"
column grants,129,"{""table"":""participants"",""column"":""draws"",""schema"":""public"",""grantee"":""service_role"",""grantor"":""postgres"",""is_grantable"":""NO"",""privilege_type"":""INSERT""}"
column grants,130,"{""table"":""participants"",""column"":""draws"",""schema"":""public"",""grantee"":""service_role"",""grantor"":""postgres"",""is_grantable"":""NO"",""privilege_type"":""REFERENCES""}"
column grants,131,"{""table"":""participants"",""column"":""draws"",""schema"":""public"",""grantee"":""service_role"",""grantor"":""postgres"",""is_grantable"":""NO"",""privilege_type"":""SELECT""}"
column grants,132,"{""table"":""participants"",""column"":""draws"",""schema"":""public"",""grantee"":""service_role"",""grantor"":""postgres"",""is_grantable"":""NO"",""privilege_type"":""UPDATE""}"
column grants,133,"{""table"":""participants"",""column"":""id"",""schema"":""public"",""grantee"":""service_role"",""grantor"":""postgres"",""is_grantable"":""NO"",""privilege_type"":""INSERT""}"
column grants,134,"{""table"":""participants"",""column"":""id"",""schema"":""public"",""grantee"":""service_role"",""grantor"":""postgres"",""is_grantable"":""NO"",""privilege_type"":""REFERENCES""}"
column grants,135,"{""table"":""participants"",""column"":""id"",""schema"":""public"",""grantee"":""service_role"",""grantor"":""postgres"",""is_grantable"":""NO"",""privilege_type"":""SELECT""}"
column grants,136,"{""table"":""participants"",""column"":""id"",""schema"":""public"",""grantee"":""service_role"",""grantor"":""postgres"",""is_grantable"":""NO"",""privilege_type"":""UPDATE""}"
column grants,137,"{""table"":""participants"",""column"":""is_host"",""schema"":""public"",""grantee"":""service_role"",""grantor"":""postgres"",""is_grantable"":""NO"",""privilege_type"":""INSERT""}"
column grants,138,"{""table"":""participants"",""column"":""is_host"",""schema"":""public"",""grantee"":""service_role"",""grantor"":""postgres"",""is_grantable"":""NO"",""privilege_type"":""REFERENCES""}"
column grants,139,"{""table"":""participants"",""column"":""is_host"",""schema"":""public"",""grantee"":""service_role"",""grantor"":""postgres"",""is_grantable"":""NO"",""privilege_type"":""SELECT""}"
column grants,140,"{""table"":""participants"",""column"":""is_host"",""schema"":""public"",""grantee"":""service_role"",""grantor"":""postgres"",""is_grantable"":""NO"",""privilege_type"":""UPDATE""}"
column grants,141,"{""table"":""participants"",""column"":""is_ready"",""schema"":""public"",""grantee"":""service_role"",""grantor"":""postgres"",""is_grantable"":""NO"",""privilege_type"":""INSERT""}"
column grants,142,"{""table"":""participants"",""column"":""is_ready"",""schema"":""public"",""grantee"":""service_role"",""grantor"":""postgres"",""is_grantable"":""NO"",""privilege_type"":""REFERENCES""}"
column grants,143,"{""table"":""participants"",""column"":""is_ready"",""schema"":""public"",""grantee"":""service_role"",""grantor"":""postgres"",""is_grantable"":""NO"",""privilege_type"":""SELECT""}"
column grants,144,"{""table"":""participants"",""column"":""is_ready"",""schema"":""public"",""grantee"":""service_role"",""grantor"":""postgres"",""is_grantable"":""NO"",""privilege_type"":""UPDATE""}"
column grants,145,"{""table"":""participants"",""column"":""leave_after_round"",""schema"":""public"",""grantee"":""service_role"",""grantor"":""postgres"",""is_grantable"":""NO"",""privilege_type"":""INSERT""}"
column grants,146,"{""table"":""participants"",""column"":""leave_after_round"",""schema"":""public"",""grantee"":""service_role"",""grantor"":""postgres"",""is_grantable"":""NO"",""privilege_type"":""REFERENCES""}"
column grants,147,"{""table"":""participants"",""column"":""leave_after_round"",""schema"":""public"",""grantee"":""service_role"",""grantor"":""postgres"",""is_grantable"":""NO"",""privilege_type"":""SELECT""}"
column grants,148,"{""table"":""participants"",""column"":""leave_after_round"",""schema"":""public"",""grantee"":""service_role"",""grantor"":""postgres"",""is_grantable"":""NO"",""privilege_type"":""UPDATE""}"
column grants,149,"{""table"":""participants"",""column"":""losses"",""schema"":""public"",""grantee"":""service_role"",""grantor"":""postgres"",""is_grantable"":""NO"",""privilege_type"":""INSERT""}"
column grants,150,"{""table"":""participants"",""column"":""losses"",""schema"":""public"",""grantee"":""service_role"",""grantor"":""postgres"",""is_grantable"":""NO"",""privilege_type"":""REFERENCES""}"
column grants,151,"{""table"":""participants"",""column"":""losses"",""schema"":""public"",""grantee"":""service_role"",""grantor"":""postgres"",""is_grantable"":""NO"",""privilege_type"":""SELECT""}"
column grants,152,"{""table"":""participants"",""column"":""losses"",""schema"":""public"",""grantee"":""service_role"",""grantor"":""postgres"",""is_grantable"":""NO"",""privilege_type"":""UPDATE""}"
column grants,153,"{""table"":""participants"",""column"":""name"",""schema"":""public"",""grantee"":""service_role"",""grantor"":""postgres"",""is_grantable"":""NO"",""privilege_type"":""INSERT""}"
column grants,154,"{""table"":""participants"",""column"":""name"",""schema"":""public"",""grantee"":""service_role"",""grantor"":""postgres"",""is_grantable"":""NO"",""privilege_type"":""REFERENCES""}"
column grants,155,"{""table"":""participants"",""column"":""name"",""schema"":""public"",""grantee"":""service_role"",""grantor"":""postgres"",""is_grantable"":""NO"",""privilege_type"":""SELECT""}"
column grants,156,"{""table"":""participants"",""column"":""name"",""schema"":""public"",""grantee"":""service_role"",""grantor"":""postgres"",""is_grantable"":""NO"",""privilege_type"":""UPDATE""}"
column grants,157,"{""table"":""participants"",""column"":""penalties"",""schema"":""public"",""grantee"":""service_role"",""grantor"":""postgres"",""is_grantable"":""NO"",""privilege_type"":""INSERT""}"
column grants,158,"{""table"":""participants"",""column"":""penalties"",""schema"":""public"",""grantee"":""service_role"",""grantor"":""postgres"",""is_grantable"":""NO"",""privilege_type"":""REFERENCES""}"
column grants,159,"{""table"":""participants"",""column"":""penalties"",""schema"":""public"",""grantee"":""service_role"",""grantor"":""postgres"",""is_grantable"":""NO"",""privilege_type"":""SELECT""}"
column grants,160,"{""table"":""participants"",""column"":""penalties"",""schema"":""public"",""grantee"":""service_role"",""grantor"":""postgres"",""is_grantable"":""NO"",""privilege_type"":""UPDATE""}"
column grants,161,"{""table"":""participants"",""column"":""room_id"",""schema"":""public"",""grantee"":""service_role"",""grantor"":""postgres"",""is_grantable"":""NO"",""privilege_type"":""INSERT""}"
column grants,162,"{""table"":""participants"",""column"":""room_id"",""schema"":""public"",""grantee"":""service_role"",""grantor"":""postgres"",""is_grantable"":""NO"",""privilege_type"":""REFERENCES""}"
column grants,163,"{""table"":""participants"",""column"":""room_id"",""schema"":""public"",""grantee"":""service_role"",""grantor"":""postgres"",""is_grantable"":""NO"",""privilege_type"":""SELECT""}"
column grants,164,"{""table"":""participants"",""column"":""room_id"",""schema"":""public"",""grantee"":""service_role"",""grantor"":""postgres"",""is_grantable"":""NO"",""privilege_type"":""UPDATE""}"
column grants,165,"{""table"":""participants"",""column"":""wins"",""schema"":""public"",""grantee"":""service_role"",""grantor"":""postgres"",""is_grantable"":""NO"",""privilege_type"":""INSERT""}"
column grants,166,"{""table"":""participants"",""column"":""wins"",""schema"":""public"",""grantee"":""service_role"",""grantor"":""postgres"",""is_grantable"":""NO"",""privilege_type"":""REFERENCES""}"
column grants,167,"{""table"":""participants"",""column"":""wins"",""schema"":""public"",""grantee"":""service_role"",""grantor"":""postgres"",""is_grantable"":""NO"",""privilege_type"":""SELECT""}"
column grants,168,"{""table"":""participants"",""column"":""wins"",""schema"":""public"",""grantee"":""service_role"",""grantor"":""postgres"",""is_grantable"":""NO"",""privilege_type"":""UPDATE""}"
column grants,169,"{""table"":""rooms"",""column"":""created_at"",""schema"":""public"",""grantee"":""anon"",""grantor"":""postgres"",""is_grantable"":""NO"",""privilege_type"":""INSERT""}"
column grants,170,"{""table"":""rooms"",""column"":""created_at"",""schema"":""public"",""grantee"":""anon"",""grantor"":""postgres"",""is_grantable"":""NO"",""privilege_type"":""SELECT""}"
column grants,171,"{""table"":""rooms"",""column"":""created_at"",""schema"":""public"",""grantee"":""anon"",""grantor"":""postgres"",""is_grantable"":""NO"",""privilege_type"":""UPDATE""}"
column grants,172,"{""table"":""rooms"",""column"":""id"",""schema"":""public"",""grantee"":""anon"",""grantor"":""postgres"",""is_grantable"":""NO"",""privilege_type"":""INSERT""}"
column grants,173,"{""table"":""rooms"",""column"":""id"",""schema"":""public"",""grantee"":""anon"",""grantor"":""postgres"",""is_grantable"":""NO"",""privilege_type"":""SELECT""}"
column grants,174,"{""table"":""rooms"",""column"":""id"",""schema"":""public"",""grantee"":""anon"",""grantor"":""postgres"",""is_grantable"":""NO"",""privilege_type"":""UPDATE""}"
column grants,175,"{""table"":""rooms"",""column"":""penalty"",""schema"":""public"",""grantee"":""anon"",""grantor"":""postgres"",""is_grantable"":""NO"",""privilege_type"":""INSERT""}"
column grants,176,"{""table"":""rooms"",""column"":""penalty"",""schema"":""public"",""grantee"":""anon"",""grantor"":""postgres"",""is_grantable"":""NO"",""privilege_type"":""SELECT""}"
column grants,177,"{""table"":""rooms"",""column"":""penalty"",""schema"":""public"",""grantee"":""anon"",""grantor"":""postgres"",""is_grantable"":""NO"",""privilege_type"":""UPDATE""}"
column grants,178,"{""table"":""rooms"",""column"":""round"",""schema"":""public"",""grantee"":""anon"",""grantor"":""postgres"",""is_grantable"":""NO"",""privilege_type"":""INSERT""}"
column grants,179,"{""table"":""rooms"",""column"":""round"",""schema"":""public"",""grantee"":""anon"",""grantor"":""postgres"",""is_grantable"":""NO"",""privilege_type"":""SELECT""}"
column grants,180,"{""table"":""rooms"",""column"":""round"",""schema"":""public"",""grantee"":""anon"",""grantor"":""postgres"",""is_grantable"":""NO"",""privilege_type"":""UPDATE""}"
column grants,181,"{""table"":""rooms"",""column"":""status"",""schema"":""public"",""grantee"":""anon"",""grantor"":""postgres"",""is_grantable"":""NO"",""privilege_type"":""INSERT""}"
column grants,182,"{""table"":""rooms"",""column"":""status"",""schema"":""public"",""grantee"":""anon"",""grantor"":""postgres"",""is_grantable"":""NO"",""privilege_type"":""SELECT""}"
column grants,183,"{""table"":""rooms"",""column"":""status"",""schema"":""public"",""grantee"":""anon"",""grantor"":""postgres"",""is_grantable"":""NO"",""privilege_type"":""UPDATE""}"
column grants,184,"{""table"":""rooms"",""column"":""created_at"",""schema"":""public"",""grantee"":""authenticated"",""grantor"":""postgres"",""is_grantable"":""NO"",""privilege_type"":""INSERT""}"
column grants,185,"{""table"":""rooms"",""column"":""created_at"",""schema"":""public"",""grantee"":""authenticated"",""grantor"":""postgres"",""is_grantable"":""NO"",""privilege_type"":""SELECT""}"
column grants,186,"{""table"":""rooms"",""column"":""created_at"",""schema"":""public"",""grantee"":""authenticated"",""grantor"":""postgres"",""is_grantable"":""NO"",""privilege_type"":""UPDATE""}"
column grants,187,"{""table"":""rooms"",""column"":""id"",""schema"":""public"",""grantee"":""authenticated"",""grantor"":""postgres"",""is_grantable"":""NO"",""privilege_type"":""INSERT""}"
column grants,188,"{""table"":""rooms"",""column"":""id"",""schema"":""public"",""grantee"":""authenticated"",""grantor"":""postgres"",""is_grantable"":""NO"",""privilege_type"":""SELECT""}"
column grants,189,"{""table"":""rooms"",""column"":""id"",""schema"":""public"",""grantee"":""authenticated"",""grantor"":""postgres"",""is_grantable"":""NO"",""privilege_type"":""UPDATE""}"
column grants,190,"{""table"":""rooms"",""column"":""penalty"",""schema"":""public"",""grantee"":""authenticated"",""grantor"":""postgres"",""is_grantable"":""NO"",""privilege_type"":""INSERT""}"
column grants,191,"{""table"":""rooms"",""column"":""penalty"",""schema"":""public"",""grantee"":""authenticated"",""grantor"":""postgres"",""is_grantable"":""NO"",""privilege_type"":""SELECT""}"
column grants,192,"{""table"":""rooms"",""column"":""penalty"",""schema"":""public"",""grantee"":""authenticated"",""grantor"":""postgres"",""is_grantable"":""NO"",""privilege_type"":""UPDATE""}"
column grants,193,"{""table"":""rooms"",""column"":""round"",""schema"":""public"",""grantee"":""authenticated"",""grantor"":""postgres"",""is_grantable"":""NO"",""privilege_type"":""INSERT""}"
column grants,194,"{""table"":""rooms"",""column"":""round"",""schema"":""public"",""grantee"":""authenticated"",""grantor"":""postgres"",""is_grantable"":""NO"",""privilege_type"":""SELECT""}"
column grants,195,"{""table"":""rooms"",""column"":""round"",""schema"":""public"",""grantee"":""authenticated"",""grantor"":""postgres"",""is_grantable"":""NO"",""privilege_type"":""UPDATE""}"
column grants,196,"{""table"":""rooms"",""column"":""status"",""schema"":""public"",""grantee"":""authenticated"",""grantor"":""postgres"",""is_grantable"":""NO"",""privilege_type"":""INSERT""}"
column grants,197,"{""table"":""rooms"",""column"":""status"",""schema"":""public"",""grantee"":""authenticated"",""grantor"":""postgres"",""is_grantable"":""NO"",""privilege_type"":""SELECT""}"
column grants,198,"{""table"":""rooms"",""column"":""status"",""schema"":""public"",""grantee"":""authenticated"",""grantor"":""postgres"",""is_grantable"":""NO"",""privilege_type"":""UPDATE""}"
column grants,199,"{""table"":""rooms"",""column"":""created_at"",""schema"":""public"",""grantee"":""postgres"",""grantor"":""postgres"",""is_grantable"":""YES"",""privilege_type"":""INSERT""}"
column grants,200,"{""table"":""rooms"",""column"":""created_at"",""schema"":""public"",""grantee"":""postgres"",""grantor"":""postgres"",""is_grantable"":""YES"",""privilege_type"":""REFERENCES""}"
column grants,201,"{""table"":""rooms"",""column"":""created_at"",""schema"":""public"",""grantee"":""postgres"",""grantor"":""postgres"",""is_grantable"":""YES"",""privilege_type"":""SELECT""}"
column grants,202,"{""table"":""rooms"",""column"":""created_at"",""schema"":""public"",""grantee"":""postgres"",""grantor"":""postgres"",""is_grantable"":""YES"",""privilege_type"":""UPDATE""}"
column grants,203,"{""table"":""rooms"",""column"":""id"",""schema"":""public"",""grantee"":""postgres"",""grantor"":""postgres"",""is_grantable"":""YES"",""privilege_type"":""INSERT""}"
column grants,204,"{""table"":""rooms"",""column"":""id"",""schema"":""public"",""grantee"":""postgres"",""grantor"":""postgres"",""is_grantable"":""YES"",""privilege_type"":""REFERENCES""}"
column grants,205,"{""table"":""rooms"",""column"":""id"",""schema"":""public"",""grantee"":""postgres"",""grantor"":""postgres"",""is_grantable"":""YES"",""privilege_type"":""SELECT""}"
column grants,206,"{""table"":""rooms"",""column"":""id"",""schema"":""public"",""grantee"":""postgres"",""grantor"":""postgres"",""is_grantable"":""YES"",""privilege_type"":""UPDATE""}"
column grants,207,"{""table"":""rooms"",""column"":""penalty"",""schema"":""public"",""grantee"":""postgres"",""grantor"":""postgres"",""is_grantable"":""YES"",""privilege_type"":""INSERT""}"
column grants,208,"{""table"":""rooms"",""column"":""penalty"",""schema"":""public"",""grantee"":""postgres"",""grantor"":""postgres"",""is_grantable"":""YES"",""privilege_type"":""REFERENCES""}"
column grants,209,"{""table"":""rooms"",""column"":""penalty"",""schema"":""public"",""grantee"":""postgres"",""grantor"":""postgres"",""is_grantable"":""YES"",""privilege_type"":""SELECT""}"
column grants,210,"{""table"":""rooms"",""column"":""penalty"",""schema"":""public"",""grantee"":""postgres"",""grantor"":""postgres"",""is_grantable"":""YES"",""privilege_type"":""UPDATE""}"
column grants,211,"{""table"":""rooms"",""column"":""round"",""schema"":""public"",""grantee"":""postgres"",""grantor"":""postgres"",""is_grantable"":""YES"",""privilege_type"":""INSERT""}"
column grants,212,"{""table"":""rooms"",""column"":""round"",""schema"":""public"",""grantee"":""postgres"",""grantor"":""postgres"",""is_grantable"":""YES"",""privilege_type"":""REFERENCES""}"
column grants,213,"{""table"":""rooms"",""column"":""round"",""schema"":""public"",""grantee"":""postgres"",""grantor"":""postgres"",""is_grantable"":""YES"",""privilege_type"":""SELECT""}"
column grants,214,"{""table"":""rooms"",""column"":""round"",""schema"":""public"",""grantee"":""postgres"",""grantor"":""postgres"",""is_grantable"":""YES"",""privilege_type"":""UPDATE""}"
column grants,215,"{""table"":""rooms"",""column"":""status"",""schema"":""public"",""grantee"":""postgres"",""grantor"":""postgres"",""is_grantable"":""YES"",""privilege_type"":""INSERT""}"
column grants,216,"{""table"":""rooms"",""column"":""status"",""schema"":""public"",""grantee"":""postgres"",""grantor"":""postgres"",""is_grantable"":""YES"",""privilege_type"":""REFERENCES""}"
column grants,217,"{""table"":""rooms"",""column"":""status"",""schema"":""public"",""grantee"":""postgres"",""grantor"":""postgres"",""is_grantable"":""YES"",""privilege_type"":""SELECT""}"
column grants,218,"{""table"":""rooms"",""column"":""status"",""schema"":""public"",""grantee"":""postgres"",""grantor"":""postgres"",""is_grantable"":""YES"",""privilege_type"":""UPDATE""}"
column grants,219,"{""table"":""rooms"",""column"":""created_at"",""schema"":""public"",""grantee"":""service_role"",""grantor"":""postgres"",""is_grantable"":""NO"",""privilege_type"":""INSERT""}"
column grants,220,"{""table"":""rooms"",""column"":""created_at"",""schema"":""public"",""grantee"":""service_role"",""grantor"":""postgres"",""is_grantable"":""NO"",""privilege_type"":""REFERENCES""}"
column grants,221,"{""table"":""rooms"",""column"":""created_at"",""schema"":""public"",""grantee"":""service_role"",""grantor"":""postgres"",""is_grantable"":""NO"",""privilege_type"":""SELECT""}"
column grants,222,"{""table"":""rooms"",""column"":""created_at"",""schema"":""public"",""grantee"":""service_role"",""grantor"":""postgres"",""is_grantable"":""NO"",""privilege_type"":""UPDATE""}"
column grants,223,"{""table"":""rooms"",""column"":""id"",""schema"":""public"",""grantee"":""service_role"",""grantor"":""postgres"",""is_grantable"":""NO"",""privilege_type"":""INSERT""}"
column grants,224,"{""table"":""rooms"",""column"":""id"",""schema"":""public"",""grantee"":""service_role"",""grantor"":""postgres"",""is_grantable"":""NO"",""privilege_type"":""REFERENCES""}"
column grants,225,"{""table"":""rooms"",""column"":""id"",""schema"":""public"",""grantee"":""service_role"",""grantor"":""postgres"",""is_grantable"":""NO"",""privilege_type"":""SELECT""}"
column grants,226,"{""table"":""rooms"",""column"":""id"",""schema"":""public"",""grantee"":""service_role"",""grantor"":""postgres"",""is_grantable"":""NO"",""privilege_type"":""UPDATE""}"
column grants,227,"{""table"":""rooms"",""column"":""penalty"",""schema"":""public"",""grantee"":""service_role"",""grantor"":""postgres"",""is_grantable"":""NO"",""privilege_type"":""INSERT""}"
column grants,228,"{""table"":""rooms"",""column"":""penalty"",""schema"":""public"",""grantee"":""service_role"",""grantor"":""postgres"",""is_grantable"":""NO"",""privilege_type"":""REFERENCES""}"
column grants,229,"{""table"":""rooms"",""column"":""penalty"",""schema"":""public"",""grantee"":""service_role"",""grantor"":""postgres"",""is_grantable"":""NO"",""privilege_type"":""SELECT""}"
column grants,230,"{""table"":""rooms"",""column"":""penalty"",""schema"":""public"",""grantee"":""service_role"",""grantor"":""postgres"",""is_grantable"":""NO"",""privilege_type"":""UPDATE""}"
column grants,231,"{""table"":""rooms"",""column"":""round"",""schema"":""public"",""grantee"":""service_role"",""grantor"":""postgres"",""is_grantable"":""NO"",""privilege_type"":""INSERT""}"
column grants,232,"{""table"":""rooms"",""column"":""round"",""schema"":""public"",""grantee"":""service_role"",""grantor"":""postgres"",""is_grantable"":""NO"",""privilege_type"":""REFERENCES""}"
column grants,233,"{""table"":""rooms"",""column"":""round"",""schema"":""public"",""grantee"":""service_role"",""grantor"":""postgres"",""is_grantable"":""NO"",""privilege_type"":""SELECT""}"
column grants,234,"{""table"":""rooms"",""column"":""round"",""schema"":""public"",""grantee"":""service_role"",""grantor"":""postgres"",""is_grantable"":""NO"",""privilege_type"":""UPDATE""}"
column grants,235,"{""table"":""rooms"",""column"":""status"",""schema"":""public"",""grantee"":""service_role"",""grantor"":""postgres"",""is_grantable"":""NO"",""privilege_type"":""INSERT""}"
column grants,236,"{""table"":""rooms"",""column"":""status"",""schema"":""public"",""grantee"":""service_role"",""grantor"":""postgres"",""is_grantable"":""NO"",""privilege_type"":""REFERENCES""}"
column grants,237,"{""table"":""rooms"",""column"":""status"",""schema"":""public"",""grantee"":""service_role"",""grantor"":""postgres"",""is_grantable"":""NO"",""privilege_type"":""SELECT""}"
column grants,238,"{""table"":""rooms"",""column"":""status"",""schema"":""public"",""grantee"":""service_role"",""grantor"":""postgres"",""is_grantable"":""NO"",""privilege_type"":""UPDATE""}"
constraints,1,"{""table"":""participants"",""schema"":""public"",""deferred"":false,""on_delete"":null,""on_update"":null,""deferrable"":false,""definition"":""PRIMARY KEY (id)"",""constraint_name"":""participants_pkey"",""constraint_type"":""p"",""referenced_table"":null,""referenced_schema"":""public"",""referenced_constraint"":""participants_pkey""}"
constraints,2,"{""table"":""participants"",""schema"":""public"",""deferred"":false,""on_delete"":""CASCADE"",""on_update"":""NO ACTION"",""deferrable"":false,""definition"":""FOREIGN KEY (room_id) REFERENCES rooms(id) ON DELETE CASCADE"",""constraint_name"":""participants_room_id_fkey"",""constraint_type"":""f"",""referenced_table"":""rooms"",""referenced_schema"":""public"",""referenced_constraint"":""rooms_pkey""}"
constraints,3,"{""table"":""rooms"",""schema"":""public"",""deferred"":false,""on_delete"":null,""on_update"":null,""deferrable"":false,""definition"":""PRIMARY KEY (id)"",""constraint_name"":""rooms_pkey"",""constraint_type"":""p"",""referenced_table"":null,""referenced_schema"":""public"",""referenced_constraint"":""rooms_pkey""}"
default privileges,1,"{""default_acl"":[""postgres=rwU/supabase_admin"",""anon=rwU/supabase_admin"",""authenticated=rwU/supabase_admin"",""service_role=rwU/supabase_admin""],""object_type"":""sequence"",""object_owner"":""supabase_admin"",""object_schema"":""public""}"
default privileges,2,"{""default_acl"":[""postgres=arwdDxtm/supabase_admin"",""anon=arwdDxtm/supabase_admin"",""authenticated=arwdDxtm/supabase_admin"",""service_role=arwdDxtm/supabase_admin""],""object_type"":""table"",""object_owner"":""supabase_admin"",""object_schema"":""public""}"
default privileges,3,"{""default_acl"":[""postgres=X/supabase_admin"",""anon=X/supabase_admin"",""authenticated=X/supabase_admin"",""service_role=X/supabase_admin""],""object_type"":""function"",""object_owner"":""supabase_admin"",""object_schema"":""public""}"
default privileges,4,"{""default_acl"":[""postgres=arwdDxtm/postgres"",""anon=arwdDxtm/postgres"",""authenticated=arwdDxtm/postgres"",""service_role=arwdDxtm/postgres""],""object_type"":""table"",""object_owner"":""postgres"",""object_schema"":""storage""}"
default privileges,5,"{""default_acl"":[""postgres=X/postgres"",""anon=X/postgres"",""authenticated=X/postgres"",""service_role=X/postgres""],""object_type"":""function"",""object_owner"":""postgres"",""object_schema"":""storage""}"
default privileges,6,"{""default_acl"":[""postgres=rwU/postgres"",""anon=rwU/postgres"",""authenticated=rwU/postgres"",""service_role=rwU/postgres""],""object_type"":""sequence"",""object_owner"":""postgres"",""object_schema"":""storage""}"
default privileges,7,"{""default_acl"":[""postgres=rwU/supabase_admin"",""anon=rwU/supabase_admin"",""authenticated=rwU/supabase_admin"",""service_role=rwU/supabase_admin""],""object_type"":""sequence"",""object_owner"":""supabase_admin"",""object_schema"":""graphql_public""}"
default privileges,8,"{""default_acl"":[""postgres=arwdDxtm/supabase_admin"",""anon=arwdDxtm/supabase_admin"",""authenticated=arwdDxtm/supabase_admin"",""service_role=arwdDxtm/supabase_admin""],""object_type"":""table"",""object_owner"":""supabase_admin"",""object_schema"":""graphql_public""}"
default privileges,9,"{""default_acl"":[""postgres=X/supabase_admin"",""anon=X/supabase_admin"",""authenticated=X/supabase_admin"",""service_role=X/supabase_admin""],""object_type"":""function"",""object_owner"":""supabase_admin"",""object_schema"":""graphql_public""}"
default privileges,10,"{""default_acl"":[""postgres=arwdDxtm/supabase_admin"",""anon=arwdDxtm/supabase_admin"",""authenticated=arwdDxtm/supabase_admin"",""service_role=arwdDxtm/supabase_admin""],""object_type"":""table"",""object_owner"":""supabase_admin"",""object_schema"":""graphql""}"
default privileges,11,"{""default_acl"":[""postgres=X/supabase_admin"",""anon=X/supabase_admin"",""authenticated=X/supabase_admin"",""service_role=X/supabase_admin""],""object_type"":""function"",""object_owner"":""supabase_admin"",""object_schema"":""graphql""}"
default privileges,12,"{""default_acl"":[""postgres=rwU/supabase_admin"",""anon=rwU/supabase_admin"",""authenticated=rwU/supabase_admin"",""service_role=rwU/supabase_admin""],""object_type"":""sequence"",""object_owner"":""supabase_admin"",""object_schema"":""graphql""}"
default privileges,13,"{""default_acl"":[""postgres=arwdDxtm/postgres"",""anon=Dxtm/postgres"",""authenticated=Dxtm/postgres"",""service_role=Dxtm/postgres""],""object_type"":""table"",""object_owner"":""postgres"",""object_schema"":""public""}"
indexes,1,"{""table"":""participants"",""schema"":""public"",""is_unique"":true,""definition"":""CREATE UNIQUE INDEX participants_pkey ON public.participants USING btree (id)"",""index_name"":""participants_pkey"",""is_primary"":true,""partial_predicate"":null}"
indexes,2,"{""table"":""rooms"",""schema"":""public"",""is_unique"":true,""definition"":""CREATE UNIQUE INDEX rooms_pkey ON public.rooms USING btree (id)"",""index_name"":""rooms_pkey"",""is_primary"":true,""partial_predicate"":null}"
relevant functions/RPCs,1,"{""acl"":[""=X/supabase_admin"",""supabase_admin=X*/supabase_admin"",""dashboard_user=X/supabase_admin""],""owner"":""supabase_admin"",""schema"":""extensions"",""definition"":""CREATE OR REPLACE FUNCTION extensions.grant_pg_cron_access()\n RETURNS event_trigger\n LANGUAGE plpgsql\n SET search_path TO ''\nAS $function$\nBEGIN\n  IF EXISTS (\n    SELECT\n    FROM pg_event_trigger_ddl_commands() AS ev\n    JOIN pg_extension AS ext\n    ON ev.objid = ext.oid\n    WHERE ext.extname = 'pg_cron'\n  )\n  THEN\n    grant usage on schema cron to postgres with grant option;\n\n    alter default privileges in schema cron grant all on tables to postgres with grant option;\n    alter default privileges in schema cron grant all on functions to postgres with grant option;\n    alter default privileges in schema cron grant all on sequences to postgres with grant option;\n\n    alter default privileges for user supabase_admin in schema cron grant all\n        on sequences to postgres with grant option;\n    alter default privileges for user supabase_admin in schema cron grant all\n        on tables to postgres with grant option;\n    alter default privileges for user supabase_admin in schema cron grant all\n        on functions to postgres with grant option;\n\n    grant all privileges on all tables in schema cron to postgres with grant option;\n    revoke all on table cron.job from postgres;\n    grant select on table cron.job to postgres with grant option;\n    revoke trigger on cron.job_run_details from postgres;\n  END IF;\nEND;\n$function$\n"",""result_type"":""event_trigger"",""function_name"":""grant_pg_cron_access"",""security_mode"":""SECURITY INVOKER"",""identity_arguments"":"""",""configured_parameters"":[""search_path=\""\""""]}"
relevant functions/RPCs,2,"{""acl"":[""=X/supabase_admin"",""supabase_admin=X/supabase_admin"",""postgres=X*/supabase_admin""],""owner"":""supabase_admin"",""schema"":""extensions"",""definition"":""CREATE OR REPLACE FUNCTION extensions.grant_pg_graphql_access()\n RETURNS event_trigger\n LANGUAGE plpgsql\n SET search_path TO ''\nAS $function$\nbegin\n    if not exists (\n        select 1\n        from pg_catalog.pg_event_trigger_ddl_commands() ev\n        join pg_catalog.pg_extension e on ev.objid = e.oid\n        where e.extname = 'pg_graphql'\n    ) then\n        return;\n    end if;\n\n    drop function if exists graphql_public.graphql;\n    create or replace function graphql_public.graphql(\n        \""operationName\"" text default null,\n        query text default null,\n        variables jsonb default null,\n        extensions jsonb default null\n    )\n        returns jsonb\n        language sql\n    as $$\n        select graphql.resolve(\n            query := query,\n            variables := coalesce(variables, '{}'),\n            \""operationName\"" := \""operationName\"",\n            extensions := extensions\n        );\n    $$;\n\n    -- Attach the wrapper to the extension so DROP EXTENSION cascades to it,\n    -- which in turn triggers set_graphql_placeholder to reinstall the \""not enabled\"" stub.\n    alter extension pg_graphql add function graphql_public.graphql(text, text, jsonb, jsonb);\n\n    grant usage on schema graphql to postgres, anon, authenticated, service_role;\n    grant execute on function graphql.resolve to postgres, anon, authenticated, service_role;\n    grant usage on schema graphql to postgres with grant option;\n    grant usage on schema graphql_public to postgres with grant option;\nend;\n$function$\n"",""result_type"":""event_trigger"",""function_name"":""grant_pg_graphql_access"",""security_mode"":""SECURITY INVOKER"",""identity_arguments"":"""",""configured_parameters"":[""search_path=\""\""""]}"
relevant functions/RPCs,3,"{""acl"":[""=X/supabase_admin"",""supabase_admin=X*/supabase_admin"",""dashboard_user=X/supabase_admin""],""owner"":""supabase_admin"",""schema"":""extensions"",""definition"":""CREATE OR REPLACE FUNCTION extensions.grant_pg_net_access()\n RETURNS event_trigger\n LANGUAGE plpgsql\n SET search_path TO ''\nAS $function$\nBEGIN\n  IF EXISTS (\n    SELECT 1\n    FROM pg_event_trigger_ddl_commands() AS ev\n    JOIN pg_extension AS ext\n    ON ev.objid = ext.oid\n    WHERE ext.extname = 'pg_net'\n  )\n  THEN\n    IF NOT EXISTS (\n      SELECT 1\n      FROM pg_roles\n      WHERE rolname = 'supabase_functions_admin'\n    )\n    THEN\n      CREATE USER supabase_functions_admin NOINHERIT CREATEROLE LOGIN NOREPLICATION;\n    END IF;\n\n    GRANT USAGE ON SCHEMA net TO supabase_functions_admin, postgres, anon, authenticated, service_role;\n\n    IF EXISTS (\n      SELECT FROM pg_extension\n      WHERE extname = 'pg_net'\n      -- all versions in use on existing projects as of 2025-02-20\n      -- version 0.12.0 onwards don't need these applied\n      AND extversion IN ('0.2', '0.6', '0.7', '0.7.1', '0.8.0', '0.10.0', '0.11.0')\n    ) THEN\n      ALTER function net.http_get(url text, params jsonb, headers jsonb, timeout_milliseconds integer) SECURITY DEFINER;\n      ALTER function net.http_post(url text, body jsonb, params jsonb, headers jsonb, timeout_milliseconds integer) SECURITY DEFINER;\n\n      ALTER function net.http_get(url text, params jsonb, headers jsonb, timeout_milliseconds integer) SET search_path = net;\n      ALTER function net.http_post(url text, body jsonb, params jsonb, headers jsonb, timeout_milliseconds integer) SET search_path = net;\n\n      REVOKE ALL ON FUNCTION net.http_get(url text, params jsonb, headers jsonb, timeout_milliseconds integer) FROM PUBLIC;\n      REVOKE ALL ON FUNCTION net.http_post(url text, body jsonb, params jsonb, headers jsonb, timeout_milliseconds integer) FROM PUBLIC;\n\n      GRANT EXECUTE ON FUNCTION net.http_get(url text, params jsonb, headers jsonb, timeout_milliseconds integer) TO supabase_functions_admin, postgres, anon, authenticated, service_role;\n      GRANT EXECUTE ON FUNCTION net.http_post(url text, body jsonb, params jsonb, headers jsonb, timeout_milliseconds integer) TO supabase_functions_admin, postgres, anon, authenticated, service_role;\n    END IF;\n  END IF;\nEND;\n$function$\n"",""result_type"":""event_trigger"",""function_name"":""grant_pg_net_access"",""security_mode"":""SECURITY INVOKER"",""identity_arguments"":"""",""configured_parameters"":[""search_path=\""\""""]}"
relevant functions/RPCs,4,"{""acl"":[""=X/supabase_realtime_admin"",""supabase_realtime_admin=X/supabase_realtime_admin"",""postgres=X/supabase_realtime_admin"",""dashboard_user=X/supabase_realtime_admin"",""anon=X/supabase_realtime_admin"",""authenticated=X/supabase_realtime_admin"",""service_role=X/supabase_realtime_admin""],""owner"":""supabase_realtime_admin"",""schema"":""realtime"",""definition"":""CREATE OR REPLACE FUNCTION realtime.apply_rls(wal jsonb, max_record_bytes integer DEFAULT (1024 * 1024))\n RETURNS SETOF realtime.wal_rls\n LANGUAGE plpgsql\nAS $function$\ndeclare\n    -- Regclass of the table e.g. public.notes\n    entity_ regclass = (quote_ident(wal ->> 'schema') || '.' || quote_ident(wal ->> 'table'))::regclass;\n\n    -- I, U, D, T: insert, update ...\n    action realtime.action = (\n        case wal ->> 'action'\n            when 'I' then 'INSERT'\n            when 'U' then 'UPDATE'\n            when 'D' then 'DELETE'\n            else 'ERROR'\n        end\n    );\n\n    -- Is row level security enabled for the table\n    is_rls_enabled bool = relrowsecurity from pg_class where oid = entity_;\n\n    subscriptions realtime.subscription[] = array_agg(subs)\n        from\n            realtime.subscription subs\n        where\n            subs.entity = entity_\n            -- Filter by action early - only get subscriptions interested in this action\n            -- action_filter column can be: '*' (all), 'INSERT', 'UPDATE', or 'DELETE'\n            and (subs.action_filter = '*' or subs.action_filter = action::text);\n\n    -- Subscription vars\n    working_role regrole;\n    working_selected_columns text[];\n    claimed_role regrole;\n    claims jsonb;\n\n    subscription_id uuid;\n    subscription_has_access bool;\n    visible_to_subscription_ids uuid[] = '{}';\n\n    -- structured info for wal's columns\n    columns realtime.wal_column[];\n    -- previous identity values for update/delete\n    old_columns realtime.wal_column[];\n\n    error_record_exceeds_max_size boolean = octet_length(wal::text) > max_record_bytes;\n\n    -- Primary jsonb output for record\n    output jsonb;\n\n    -- Loop record for iterating unique roles (outer loop)\n    role_record record;\n    -- Loop record for iterating unique selected_columns within a role (inner loop)\n    cols_record record;\n    -- Subscription ids visible at the role level (before fanning out by selected_columns)\n    visible_role_sub_ids uuid[] = '{}';\n\nbegin\n    perform set_config('role', null, true);\n\n    columns =\n        array_agg(\n            (\n                x->>'name',\n                x->>'type',\n                x->>'typeoid',\n                realtime.cast(\n                    (x->'value') #>> '{}',\n                    coalesce(\n                        (x->>'typeoid')::regtype, -- null when wal2json version <= 2.4\n                        (x->>'type')::regtype\n                    )\n                ),\n                (pks ->> 'name') is not null,\n                true\n            )::realtime.wal_column\n        )\n        from\n            jsonb_array_elements(wal -> 'columns') x\n            left join jsonb_array_elements(wal -> 'pk') pks\n                on (x ->> 'name') = (pks ->> 'name');\n\n    old_columns =\n        array_agg(\n            (\n                x->>'name',\n                x->>'type',\n                x->>'typeoid',\n                realtime.cast(\n                    (x->'value') #>> '{}',\n                    coalesce(\n                        (x->>'typeoid')::regtype, -- null when wal2json version <= 2.4\n                        (x->>'type')::regtype\n                    )\n                ),\n                (pks ->> 'name') is not null,\n                true\n            )::realtime.wal_column\n        )\n        from\n            jsonb_array_elements(wal -> 'identity') x\n            left join jsonb_array_elements(wal -> 'pk') pks\n                on (x ->> 'name') = (pks ->> 'name');\n\n    for role_record in\n        select claims_role\n        from (select distinct claims_role from unnest(subscriptions)) t\n        order by claims_role::text\n    loop\n        working_role := role_record.claims_role;\n\n        -- Update `is_selectable` for columns and old_columns (once per role)\n        columns =\n            array_agg(\n                (\n                    c.name,\n                    c.type_name,\n                    c.type_oid,\n                    c.value,\n                    c.is_pkey,\n                    pg_catalog.has_column_privilege(working_role, entity_, c.name, 'SELECT')\n                )::realtime.wal_column\n            )\n            from\n                unnest(columns) c;\n\n        old_columns =\n                array_agg(\n                    (\n                        c.name,\n                        c.type_name,\n                        c.type_oid,\n                        c.value,\n                        c.is_pkey,\n                        pg_catalog.has_column_privilege(working_role, entity_, c.name, 'SELECT')\n                    )::realtime.wal_column\n                )\n                from\n                    unnest(old_columns) c;\n\n        if action <> 'DELETE' and count(1) = 0 from unnest(columns) c where c.is_pkey then\n            -- Fan out 400 error per distinct selected_columns for this role\n            for cols_record in\n                select selected_columns\n                from (select distinct selected_columns from unnest(subscriptions) s where s.claims_role = working_role) t\n                order by coalesce(array_to_string(selected_columns, ','), '')\n            loop\n                working_selected_columns := cols_record.selected_columns;\n                return next (\n                    jsonb_build_object(\n                        'schema', wal ->> 'schema',\n                        'table', wal ->> 'table',\n                        'type', action\n                    ),\n                    is_rls_enabled,\n                    (select array_agg(s.subscription_id) from unnest(subscriptions) as s where s.claims_role = working_role and (s.selected_columns is not distinct from working_selected_columns)),\n                    array['Error 400: Bad Request, no primary key']\n                )::realtime.wal_rls;\n            end loop;\n\n        -- The claims role does not have SELECT permission to the primary key of entity\n        elsif action <> 'DELETE' and sum(c.is_selectable::int) <> count(1) from unnest(columns) c where c.is_pkey then\n            -- Fan out 401 error per distinct selected_columns for this role\n            for cols_record in\n                select selected_columns\n                from (select distinct selected_columns from unnest(subscriptions) s where s.claims_role = working_role) t\n                order by coalesce(array_to_string(selected_columns, ','), '')\n            loop\n                working_selected_columns := cols_record.selected_columns;\n                return next (\n                    jsonb_build_object(\n                        'schema', wal ->> 'schema',\n                        'table', wal ->> 'table',\n                        'type', action\n                    ),\n                    is_rls_enabled,\n                    (select array_agg(s.subscription_id) from unnest(subscriptions) as s where s.claims_role = working_role and (s.selected_columns is not distinct from working_selected_columns)),\n                    array['Error 401: Unauthorized']\n                )::realtime.wal_rls;\n            end loop;\n\n        else\n            -- Create the prepared statement (once per role)\n            if is_rls_enabled and action <> 'DELETE' then\n                if (select 1 from pg_prepared_statements where name = 'walrus_rls_stmt' limit 1) > 0 then\n                    deallocate walrus_rls_stmt;\n                end if;\n                execute realtime.build_prepared_statement_sql('walrus_rls_stmt', entity_, columns);\n            end if;\n\n            -- Collect all visible subscription IDs for this role (filter check + RLS check)\n            visible_role_sub_ids = '{}';\n\n            for subscription_id, claims in (\n                    select\n                        subs.subscription_id,\n                        subs.claims\n                    from\n                        unnest(subscriptions) subs\n                    where\n                        subs.entity = entity_\n                        and subs.claims_role = working_role\n                        and (\n                            realtime.is_visible_through_filters(columns, subs.filters)\n                            or (\n                              action = 'DELETE'\n                              and realtime.is_visible_through_filters(old_columns, subs.filters)\n                            )\n                        )\n            ) loop\n\n                if not is_rls_enabled or action = 'DELETE' then\n                    visible_role_sub_ids = visible_role_sub_ids || subscription_id;\n                else\n                    -- Check if RLS allows the role to see the record\n                    perform\n                        -- Trim leading and trailing quotes from working_role because set_config\n                        -- doesn't recognize the role as valid if they are included\n                        set_config('role', trim(both '\""' from working_role::text), true),\n                        set_config('request.jwt.claims', claims::text, true);\n\n                    execute 'execute walrus_rls_stmt' into subscription_has_access;\n\n                    -- Reset the role on every FOR..LOOP batch execution.\n                    -- The first batch of 10 rows is pre-fetched using the current connection role (PG internal behaviour)\n                    -- then we have to reset it again otherwise it would use the role defined in the `set_config` above\n                    -- to fetch the remaining rows when rows>10, which could be a user-defined role that lacks execution grants.\n                    -- The flow is:\n                    --   1. run batch with conn role\n                    --   2. set_config working_role\n                    --   3. execute walrus\n                    --   4. reset role (revert)\n                    --   5. repeat\n                    perform set_config('role', null, true);\n\n                    if subscription_has_access then\n                        visible_role_sub_ids = visible_role_sub_ids || subscription_id;\n                    end if;\n                end if;\n            end loop;\n\n            perform set_config('role', null, true);\n\n            -- Inner loop: per distinct selected_columns for this role\n            for cols_record in\n                select selected_columns\n                from (select distinct selected_columns from unnest(subscriptions) s where s.claims_role = working_role) t\n                order by coalesce(array_to_string(selected_columns, ','), '')\n            loop\n                working_selected_columns := cols_record.selected_columns;\n\n                output = jsonb_build_object(\n                    'schema', wal ->> 'schema',\n                    'table', wal ->> 'table',\n                    'type', action,\n                    'commit_timestamp', to_char(\n                        ((wal ->> 'timestamp')::timestamptz at time zone 'utc'),\n                        'YYYY-MM-DD\""T\""HH24:MI:SS.MS\""Z\""'\n                    ),\n                    'columns', (\n                        select\n                            jsonb_agg(\n                                jsonb_build_object(\n                                    'name', pa.attname,\n                                    'type', pt.typname\n                                )\n                                order by pa.attnum asc\n                            )\n                        from\n                            pg_attribute pa\n                            join pg_type pt\n                                on pa.atttypid = pt.oid\n                            left join (\n                                select unnest(conkey) as pkey_attnum\n                                from pg_constraint\n                                where conrelid = entity_ and contype = 'p'\n                            ) pk on pk.pkey_attnum = pa.attnum\n                        where\n                            attrelid = entity_\n                            and attnum > 0\n                            and pg_catalog.has_column_privilege(working_role, entity_, pa.attname, 'SELECT')\n                            and (working_selected_columns is null or pa.attname = any(working_selected_columns) or pk.pkey_attnum is not null)\n                    )\n                )\n                -- Add \""record\"" key for insert and update\n                || case\n                    when action in ('INSERT', 'UPDATE') then\n                        jsonb_build_object(\n                            'record',\n                            (\n                                select\n                                    jsonb_object_agg(\n                                        -- if unchanged toast, get column name and value from old record\n                                        coalesce((c).name, (oc).name),\n                                        case\n                                            when (c).name is null then (oc).value\n                                            else (c).value\n                                        end\n                                    )\n                                from\n                                    unnest(columns) c\n                                    full outer join unnest(old_columns) oc\n                                        on (c).name = (oc).name\n                                where\n                                    coalesce((c).is_selectable, (oc).is_selectable)\n                                    and (working_selected_columns is null or coalesce((c).name, (oc).name) = any(working_selected_columns) or coalesce((c).is_pkey, (oc).is_pkey))\n                                    and ( not error_record_exceeds_max_size or (octet_length((c).value::text) <= 64))\n                            )\n                        )\n                    else '{}'::jsonb\n                end\n                -- Add \""old_record\"" key for update and delete\n                || case\n                    when action = 'UPDATE' then\n                        jsonb_build_object(\n                                'old_record',\n                                (\n                                    select jsonb_object_agg((c).name, (c).value)\n                                    from unnest(old_columns) c\n                                    where\n                                        (c).is_selectable\n                                        and (working_selected_columns is null or (c).name = any(working_selected_columns) or (c).is_pkey)\n                                        and ( not error_record_exceeds_max_size or (octet_length((c).value::text) <= 64))\n                                )\n                            )\n                    when action = 'DELETE' then\n                        jsonb_build_object(\n                            'old_record',\n                            (\n                                select jsonb_object_agg((c).name, (c).value)\n                                from unnest(old_columns) c\n                                where\n                                    (c).is_selectable\n                                    and (working_selected_columns is null or (c).name = any(working_selected_columns) or (c).is_pkey)\n                                    and ( not error_record_exceeds_max_size or (octet_length((c).value::text) <= 64))\n                                    and ( not is_rls_enabled or (c).is_pkey ) -- if RLS enabled, we can't secure deletes so filter to pkey\n                            )\n                        )\n                    else '{}'::jsonb\n                end;\n\n                -- Filter visible_role_sub_ids to those matching the current selected_columns group\n                visible_to_subscription_ids = coalesce(\n                    (\n                        select array_agg(s.subscription_id)\n                        from unnest(subscriptions) s\n                        where s.claims_role = working_role\n                          and (s.selected_columns is not distinct from working_selected_columns)\n                          and s.subscription_id = any(visible_role_sub_ids)\n                    ),\n                    '{}'::uuid[]\n                );\n\n                return next (\n                    output,\n                    is_rls_enabled,\n                    visible_to_subscription_ids,\n                    case\n                        when error_record_exceeds_max_size then array['Error 413: Payload Too Large']\n                        else '{}'\n                    end\n                )::realtime.wal_rls;\n            end loop;\n\n        end if;\n    end loop;\n\n    perform set_config('role', null, true);\nend;\n$function$\n"",""result_type"":""SETOF realtime.wal_rls"",""function_name"":""apply_rls"",""security_mode"":""SECURITY INVOKER"",""identity_arguments"":""wal jsonb, max_record_bytes integer"",""configured_parameters"":null}"
relevant functions/RPCs,5,"{""acl"":[""=X/supabase_realtime_admin"",""supabase_realtime_admin=X/supabase_realtime_admin"",""postgres=X/supabase_realtime_admin"",""dashboard_user=X/supabase_realtime_admin"",""anon=X/supabase_realtime_admin"",""authenticated=X/supabase_realtime_admin"",""service_role=X/supabase_realtime_admin""],""owner"":""supabase_realtime_admin"",""schema"":""realtime"",""definition"":""CREATE OR REPLACE FUNCTION realtime.is_visible_through_filters(columns realtime.wal_column[], filters realtime.user_defined_filter[])\n RETURNS boolean\n LANGUAGE sql\n STABLE\nAS $function$\n    select\n        filters is null\n        or array_length(filters, 1) is null\n        or coalesce(\n            count(col.name) = count(1)\n            and sum(\n                realtime.check_equality_op(\n                    op:=f.op,\n                    type_:=coalesce(col.type_oid::regtype, col.type_name::regtype),\n                    val_1:=col.value #>> '{}',\n                    val_2:=f.value,\n                    negate:=coalesce(f.negate, false)\n                )::int\n            ) filter (where col.name is not null) = count(col.name),\n            false\n        )\n    from\n        unnest(filters) f\n        left join unnest(columns) col\n            on f.column_name = col.name;\n$function$\n"",""result_type"":""boolean"",""function_name"":""is_visible_through_filters"",""security_mode"":""SECURITY INVOKER"",""identity_arguments"":""columns realtime.wal_column[], filters realtime.user_defined_filter[]"",""configured_parameters"":null}"
relevant functions/RPCs,6,"{""acl"":[""=X/supabase_realtime_admin"",""supabase_realtime_admin=X/supabase_realtime_admin"",""postgres=X/supabase_realtime_admin"",""dashboard_user=X/supabase_realtime_admin""],""owner"":""supabase_realtime_admin"",""schema"":""realtime"",""definition"":""CREATE OR REPLACE FUNCTION realtime.list_changes(publication name, slot_name name, max_changes integer, max_record_bytes integer)\n RETURNS TABLE(wal jsonb, is_rls_enabled boolean, subscription_ids uuid[], errors text[], slot_changes_count bigint)\n LANGUAGE sql\n SET log_min_messages TO 'fatal'\nAS $function$\n  WITH pub AS (\n    SELECT\n      concat_ws(\n        ',',\n        CASE WHEN bool_or(pubinsert) THEN 'insert' ELSE NULL END,\n        CASE WHEN bool_or(pubupdate) THEN 'update' ELSE NULL END,\n        CASE WHEN bool_or(pubdelete) THEN 'delete' ELSE NULL END\n      ) AS w2j_actions,\n      coalesce(\n        string_agg(\n          realtime.quote_wal2json(format('%I.%I', schemaname, tablename)::regclass),\n          ','\n        ) filter (WHERE ppt.tablename IS NOT NULL),\n        ''\n      ) AS w2j_add_tables\n    FROM pg_publication pp\n    LEFT JOIN pg_publication_tables ppt ON pp.pubname = ppt.pubname\n    WHERE pp.pubname = publication\n    GROUP BY pp.pubname\n    LIMIT 1\n  ),\n  -- MATERIALIZED ensures pg_logical_slot_get_changes is called exactly once\n  w2j AS MATERIALIZED (\n    SELECT x.*, pub.w2j_add_tables\n    FROM pub,\n         pg_logical_slot_get_changes(\n           slot_name, null, max_changes,\n           'include-pk', 'true',\n           'include-transaction', 'false',\n           'include-timestamp', 'true',\n           'include-type-oids', 'true',\n           'format-version', '2',\n           'actions', pub.w2j_actions,\n           'add-tables', pub.w2j_add_tables\n         ) x\n  ),\n  slot_count AS (\n    SELECT count(*)::bigint AS cnt\n    FROM w2j\n    WHERE w2j.w2j_add_tables <> ''\n  ),\n  rls_filtered AS (\n    SELECT xyz.wal, xyz.is_rls_enabled, xyz.subscription_ids, xyz.errors\n    FROM w2j,\n         realtime.apply_rls(\n           wal := w2j.data::jsonb,\n           max_record_bytes := max_record_bytes\n         ) xyz(wal, is_rls_enabled, subscription_ids, errors)\n    WHERE w2j.w2j_add_tables <> ''\n      AND xyz.subscription_ids[1] IS NOT NULL\n  )\n  SELECT rf.wal, rf.is_rls_enabled, rf.subscription_ids, rf.errors, sc.cnt\n  FROM rls_filtered rf, slot_count sc\n\n  UNION ALL\n\n  SELECT null, null, null, null, sc.cnt\n  FROM slot_count sc\n  WHERE NOT EXISTS (SELECT 1 FROM rls_filtered)\n$function$\n"",""result_type"":""TABLE(wal jsonb, is_rls_enabled boolean, subscription_ids uuid[], errors text[], slot_changes_count bigint)"",""function_name"":""list_changes"",""security_mode"":""SECURITY INVOKER"",""identity_arguments"":""publication name, slot_name name, max_changes integer, max_record_bytes integer"",""configured_parameters"":[""log_min_messages=fatal""]}"
relevant functions/RPCs,7,"{""acl"":[""=X/supabase_realtime_admin"",""supabase_realtime_admin=X/supabase_realtime_admin"",""postgres=X/supabase_realtime_admin"",""dashboard_user=X/supabase_realtime_admin"",""anon=X/supabase_realtime_admin"",""authenticated=X/supabase_realtime_admin"",""service_role=X/supabase_realtime_admin""],""owner"":""supabase_realtime_admin"",""schema"":""realtime"",""definition"":""CREATE OR REPLACE FUNCTION realtime.quote_wal2json(entity regclass)\n RETURNS text\n LANGUAGE sql\n IMMUTABLE STRICT\nAS $function$\n  SELECT\n    realtime.wal2json_escape_identifier(nsp.nspname::text)\n    || '.'\n    || realtime.wal2json_escape_identifier(pc.relname::text)\n  FROM pg_class pc\n  JOIN pg_namespace nsp ON pc.relnamespace = nsp.oid\n  WHERE pc.oid = entity\n$function$\n"",""result_type"":""text"",""function_name"":""quote_wal2json"",""security_mode"":""SECURITY INVOKER"",""identity_arguments"":""entity regclass"",""configured_parameters"":null}"
relevant functions/RPCs,8,"{""acl"":null,""owner"":""supabase_storage_admin"",""schema"":""storage"",""definition"":""CREATE OR REPLACE FUNCTION storage.allow_any_operation(expected_operations text[])\n RETURNS boolean\n LANGUAGE sql\n STABLE\nAS $function$\n  WITH current_operation AS (\n    SELECT storage.operation() AS raw_operation\n  ),\n  normalized AS (\n    SELECT CASE\n      WHEN raw_operation LIKE 'storage.%' THEN substr(raw_operation, 9)\n      ELSE raw_operation\n    END AS current_operation\n    FROM current_operation\n  )\n  SELECT EXISTS (\n    SELECT 1\n    FROM normalized n\n    CROSS JOIN LATERAL unnest(expected_operations) AS expected_operation\n    WHERE expected_operation IS NOT NULL\n      AND expected_operation <> ''\n      AND n.current_operation = CASE\n        WHEN expected_operation LIKE 'storage.%' THEN substr(expected_operation, 9)\n        ELSE expected_operation\n      END\n  );\n$function$\n"",""result_type"":""boolean"",""function_name"":""allow_any_operation"",""security_mode"":""SECURITY INVOKER"",""identity_arguments"":""expected_operations text[]"",""configured_parameters"":null}"
relevant functions/RPCs,9,"{""acl"":null,""owner"":""supabase_storage_admin"",""schema"":""storage"",""definition"":""CREATE OR REPLACE FUNCTION storage.can_insert_object(bucketid text, name text, owner uuid, metadata jsonb)\n RETURNS void\n LANGUAGE plpgsql\nAS $function$\nBEGIN\n  INSERT INTO \""storage\"".\""objects\"" (\""bucket_id\"", \""name\"", \""owner\"", \""metadata\"") VALUES (bucketid, name, owner, metadata);\n  -- hack to rollback the successful insert\n  RAISE sqlstate 'PT200' using\n  message = 'ROLLBACK',\n  detail = 'rollback successful insert';\nEND\n$function$\n"",""result_type"":""void"",""function_name"":""can_insert_object"",""security_mode"":""SECURITY INVOKER"",""identity_arguments"":""bucketid text, name text, owner uuid, metadata jsonb"",""configured_parameters"":null}"
RLS policies,1,"{""roles"":[""public""],""table"":""participants"",""schema"":""public"",""command"":""ALL"",""permissive"":""PERMISSIVE"",""policy_name"":""allow_all_participants"",""using_expression"":""true"",""with_check_expression"":""true""}"
RLS policies,2,"{""roles"":[""public""],""table"":""rooms"",""schema"":""public"",""command"":""ALL"",""permissive"":""PERMISSIVE"",""policy_name"":""allow_all_rooms"",""using_expression"":""true"",""with_check_expression"":""true""}"
rooms/participants exact column types,1,"{""table"":""participants"",""column"":""id"",""schema"":""public"",""udt_name"":""text"",""data_type"":""text"",""udt_schema"":""pg_catalog"",""is_identity"":""NO"",""is_nullable"":""NO"",""is_generated"":""NEVER"",""numeric_scale"":null,""ordinal_position"":1,""numeric_precision"":null,""default_expression"":null,""identity_generation"":null,""generation_expression"":null,""character_maximum_length"":null}"
rooms/participants exact column types,2,"{""table"":""participants"",""column"":""room_id"",""schema"":""public"",""udt_name"":""text"",""data_type"":""text"",""udt_schema"":""pg_catalog"",""is_identity"":""NO"",""is_nullable"":""YES"",""is_generated"":""NEVER"",""numeric_scale"":null,""ordinal_position"":2,""numeric_precision"":null,""default_expression"":null,""identity_generation"":null,""generation_expression"":null,""character_maximum_length"":null}"
rooms/participants exact column types,3,"{""table"":""participants"",""column"":""name"",""schema"":""public"",""udt_name"":""text"",""data_type"":""text"",""udt_schema"":""pg_catalog"",""is_identity"":""NO"",""is_nullable"":""NO"",""is_generated"":""NEVER"",""numeric_scale"":null,""ordinal_position"":3,""numeric_precision"":null,""default_expression"":null,""identity_generation"":null,""generation_expression"":null,""character_maximum_length"":null}"
rooms/participants exact column types,4,"{""table"":""participants"",""column"":""is_host"",""schema"":""public"",""udt_name"":""bool"",""data_type"":""boolean"",""udt_schema"":""pg_catalog"",""is_identity"":""NO"",""is_nullable"":""YES"",""is_generated"":""NEVER"",""numeric_scale"":null,""ordinal_position"":4,""numeric_precision"":null,""default_expression"":""false"",""identity_generation"":null,""generation_expression"":null,""character_maximum_length"":null}"
rooms/participants exact column types,5,"{""table"":""participants"",""column"":""choice"",""schema"":""public"",""udt_name"":""text"",""data_type"":""text"",""udt_schema"":""pg_catalog"",""is_identity"":""NO"",""is_nullable"":""YES"",""is_generated"":""NEVER"",""numeric_scale"":null,""ordinal_position"":5,""numeric_precision"":null,""default_expression"":null,""identity_generation"":null,""generation_expression"":null,""character_maximum_length"":null}"
rooms/participants exact column types,6,"{""table"":""participants"",""column"":""wins"",""schema"":""public"",""udt_name"":""int4"",""data_type"":""integer"",""udt_schema"":""pg_catalog"",""is_identity"":""NO"",""is_nullable"":""YES"",""is_generated"":""NEVER"",""numeric_scale"":0,""ordinal_position"":6,""numeric_precision"":32,""default_expression"":""0"",""identity_generation"":null,""generation_expression"":null,""character_maximum_length"":null}"
rooms/participants exact column types,7,"{""table"":""participants"",""column"":""losses"",""schema"":""public"",""udt_name"":""int4"",""data_type"":""integer"",""udt_schema"":""pg_catalog"",""is_identity"":""NO"",""is_nullable"":""YES"",""is_generated"":""NEVER"",""numeric_scale"":0,""ordinal_position"":7,""numeric_precision"":32,""default_expression"":""0"",""identity_generation"":null,""generation_expression"":null,""character_maximum_length"":null}"
rooms/participants exact column types,8,"{""table"":""participants"",""column"":""draws"",""schema"":""public"",""udt_name"":""int4"",""data_type"":""integer"",""udt_schema"":""pg_catalog"",""is_identity"":""NO"",""is_nullable"":""YES"",""is_generated"":""NEVER"",""numeric_scale"":0,""ordinal_position"":8,""numeric_precision"":32,""default_expression"":""0"",""identity_generation"":null,""generation_expression"":null,""character_maximum_length"":null}"
rooms/participants exact column types,9,"{""table"":""participants"",""column"":""penalties"",""schema"":""public"",""udt_name"":""int4"",""data_type"":""integer"",""udt_schema"":""pg_catalog"",""is_identity"":""NO"",""is_nullable"":""YES"",""is_generated"":""NEVER"",""numeric_scale"":0,""ordinal_position"":9,""numeric_precision"":32,""default_expression"":""0"",""identity_generation"":null,""generation_expression"":null,""character_maximum_length"":null}"
rooms/participants exact column types,10,"{""table"":""participants"",""column"":""created_at"",""schema"":""public"",""udt_name"":""timestamptz"",""data_type"":""timestamp with time zone"",""udt_schema"":""pg_catalog"",""is_identity"":""NO"",""is_nullable"":""YES"",""is_generated"":""NEVER"",""numeric_scale"":null,""ordinal_position"":10,""numeric_precision"":null,""default_expression"":""now()"",""identity_generation"":null,""generation_expression"":null,""character_maximum_length"":null}"
rooms/participants exact column types,11,"{""table"":""participants"",""column"":""is_ready"",""schema"":""public"",""udt_name"":""bool"",""data_type"":""boolean"",""udt_schema"":""pg_catalog"",""is_identity"":""NO"",""is_nullable"":""YES"",""is_generated"":""NEVER"",""numeric_scale"":null,""ordinal_position"":11,""numeric_precision"":null,""default_expression"":""false"",""identity_generation"":null,""generation_expression"":null,""character_maximum_length"":null}"
rooms/participants exact column types,12,"{""table"":""participants"",""column"":""leave_after_round"",""schema"":""public"",""udt_name"":""bool"",""data_type"":""boolean"",""udt_schema"":""pg_catalog"",""is_identity"":""NO"",""is_nullable"":""NO"",""is_generated"":""NEVER"",""numeric_scale"":null,""ordinal_position"":12,""numeric_precision"":null,""default_expression"":""false"",""identity_generation"":null,""generation_expression"":null,""character_maximum_length"":null}"
rooms/participants exact column types,13,"{""table"":""rooms"",""column"":""id"",""schema"":""public"",""udt_name"":""text"",""data_type"":""text"",""udt_schema"":""pg_catalog"",""is_identity"":""NO"",""is_nullable"":""NO"",""is_generated"":""NEVER"",""numeric_scale"":null,""ordinal_position"":1,""numeric_precision"":null,""default_expression"":null,""identity_generation"":null,""generation_expression"":null,""character_maximum_length"":null}"
rooms/participants exact column types,14,"{""table"":""rooms"",""column"":""status"",""schema"":""public"",""udt_name"":""text"",""data_type"":""text"",""udt_schema"":""pg_catalog"",""is_identity"":""NO"",""is_nullable"":""YES"",""is_generated"":""NEVER"",""numeric_scale"":null,""ordinal_position"":2,""numeric_precision"":null,""default_expression"":""'waiting'::text"",""identity_generation"":null,""generation_expression"":null,""character_maximum_length"":null}"
rooms/participants exact column types,15,"{""table"":""rooms"",""column"":""penalty"",""schema"":""public"",""udt_name"":""text"",""data_type"":""text"",""udt_schema"":""pg_catalog"",""is_identity"":""NO"",""is_nullable"":""YES"",""is_generated"":""NEVER"",""numeric_scale"":null,""ordinal_position"":3,""numeric_precision"":null,""default_expression"":null,""identity_generation"":null,""generation_expression"":null,""character_maximum_length"":null}"
rooms/participants exact column types,16,"{""table"":""rooms"",""column"":""round"",""schema"":""public"",""udt_name"":""int4"",""data_type"":""integer"",""udt_schema"":""pg_catalog"",""is_identity"":""NO"",""is_nullable"":""YES"",""is_generated"":""NEVER"",""numeric_scale"":0,""ordinal_position"":4,""numeric_precision"":32,""default_expression"":""1"",""identity_generation"":null,""generation_expression"":null,""character_maximum_length"":null}"
rooms/participants exact column types,17,"{""table"":""rooms"",""column"":""created_at"",""schema"":""public"",""udt_name"":""timestamptz"",""data_type"":""timestamp with time zone"",""udt_schema"":""pg_catalog"",""is_identity"":""NO"",""is_nullable"":""YES"",""is_generated"":""NEVER"",""numeric_scale"":null,""ordinal_position"":5,""numeric_precision"":null,""default_expression"":""now()"",""identity_generation"":null,""generation_expression"":null,""character_maximum_length"":null}"
session/project context,1,"{""search_path"":""\""\\$user\"", public, extensions"",""current_user"":""postgres"",""target_region"":""ap-northeast-2"",""current_schema"":""public"",""current_database"":""postgres"",""postgres_version"":""PostgreSQL 17.6 on x86_64-pc-linux-gnu, compiled by gcc (GCC) 15.2.0, 64-bit"",""target_project_ref"":""sannrfmhevebqgfdqcps"",""row_security_setting"":""on""}"
table grants,1,"{""table"":""participants"",""schema"":""public"",""grantee"":""anon"",""grantor"":""postgres"",""is_grantable"":""NO"",""privilege_type"":""DELETE""}"
table grants,2,"{""table"":""participants"",""schema"":""public"",""grantee"":""anon"",""grantor"":""postgres"",""is_grantable"":""NO"",""privilege_type"":""INSERT""}"
table grants,3,"{""table"":""participants"",""schema"":""public"",""grantee"":""anon"",""grantor"":""postgres"",""is_grantable"":""NO"",""privilege_type"":""SELECT""}"
table grants,4,"{""table"":""participants"",""schema"":""public"",""grantee"":""anon"",""grantor"":""postgres"",""is_grantable"":""NO"",""privilege_type"":""UPDATE""}"
table grants,5,"{""table"":""participants"",""schema"":""public"",""grantee"":""authenticated"",""grantor"":""postgres"",""is_grantable"":""NO"",""privilege_type"":""DELETE""}"
table grants,6,"{""table"":""participants"",""schema"":""public"",""grantee"":""authenticated"",""grantor"":""postgres"",""is_grantable"":""NO"",""privilege_type"":""INSERT""}"
table grants,7,"{""table"":""participants"",""schema"":""public"",""grantee"":""authenticated"",""grantor"":""postgres"",""is_grantable"":""NO"",""privilege_type"":""SELECT""}"
table grants,8,"{""table"":""participants"",""schema"":""public"",""grantee"":""authenticated"",""grantor"":""postgres"",""is_grantable"":""NO"",""privilege_type"":""UPDATE""}"
table grants,9,"{""table"":""participants"",""schema"":""public"",""grantee"":""postgres"",""grantor"":""postgres"",""is_grantable"":""YES"",""privilege_type"":""DELETE""}"
table grants,10,"{""table"":""participants"",""schema"":""public"",""grantee"":""postgres"",""grantor"":""postgres"",""is_grantable"":""YES"",""privilege_type"":""INSERT""}"
table grants,11,"{""table"":""participants"",""schema"":""public"",""grantee"":""postgres"",""grantor"":""postgres"",""is_grantable"":""YES"",""privilege_type"":""REFERENCES""}"
table grants,12,"{""table"":""participants"",""schema"":""public"",""grantee"":""postgres"",""grantor"":""postgres"",""is_grantable"":""YES"",""privilege_type"":""SELECT""}"
table grants,13,"{""table"":""participants"",""schema"":""public"",""grantee"":""postgres"",""grantor"":""postgres"",""is_grantable"":""YES"",""privilege_type"":""TRIGGER""}"
table grants,14,"{""table"":""participants"",""schema"":""public"",""grantee"":""postgres"",""grantor"":""postgres"",""is_grantable"":""YES"",""privilege_type"":""TRUNCATE""}"
table grants,15,"{""table"":""participants"",""schema"":""public"",""grantee"":""postgres"",""grantor"":""postgres"",""is_grantable"":""YES"",""privilege_type"":""UPDATE""}"
table grants,16,"{""table"":""participants"",""schema"":""public"",""grantee"":""service_role"",""grantor"":""postgres"",""is_grantable"":""NO"",""privilege_type"":""DELETE""}"
table grants,17,"{""table"":""participants"",""schema"":""public"",""grantee"":""service_role"",""grantor"":""postgres"",""is_grantable"":""NO"",""privilege_type"":""INSERT""}"
table grants,18,"{""table"":""participants"",""schema"":""public"",""grantee"":""service_role"",""grantor"":""postgres"",""is_grantable"":""NO"",""privilege_type"":""REFERENCES""}"
table grants,19,"{""table"":""participants"",""schema"":""public"",""grantee"":""service_role"",""grantor"":""postgres"",""is_grantable"":""NO"",""privilege_type"":""SELECT""}"
table grants,20,"{""table"":""participants"",""schema"":""public"",""grantee"":""service_role"",""grantor"":""postgres"",""is_grantable"":""NO"",""privilege_type"":""TRIGGER""}"
table grants,21,"{""table"":""participants"",""schema"":""public"",""grantee"":""service_role"",""grantor"":""postgres"",""is_grantable"":""NO"",""privilege_type"":""TRUNCATE""}"
table grants,22,"{""table"":""participants"",""schema"":""public"",""grantee"":""service_role"",""grantor"":""postgres"",""is_grantable"":""NO"",""privilege_type"":""UPDATE""}"
table grants,23,"{""table"":""rooms"",""schema"":""public"",""grantee"":""anon"",""grantor"":""postgres"",""is_grantable"":""NO"",""privilege_type"":""DELETE""}"
table grants,24,"{""table"":""rooms"",""schema"":""public"",""grantee"":""anon"",""grantor"":""postgres"",""is_grantable"":""NO"",""privilege_type"":""INSERT""}"
table grants,25,"{""table"":""rooms"",""schema"":""public"",""grantee"":""anon"",""grantor"":""postgres"",""is_grantable"":""NO"",""privilege_type"":""SELECT""}"
table grants,26,"{""table"":""rooms"",""schema"":""public"",""grantee"":""anon"",""grantor"":""postgres"",""is_grantable"":""NO"",""privilege_type"":""UPDATE""}"
table grants,27,"{""table"":""rooms"",""schema"":""public"",""grantee"":""authenticated"",""grantor"":""postgres"",""is_grantable"":""NO"",""privilege_type"":""DELETE""}"
table grants,28,"{""table"":""rooms"",""schema"":""public"",""grantee"":""authenticated"",""grantor"":""postgres"",""is_grantable"":""NO"",""privilege_type"":""INSERT""}"
table grants,29,"{""table"":""rooms"",""schema"":""public"",""grantee"":""authenticated"",""grantor"":""postgres"",""is_grantable"":""NO"",""privilege_type"":""SELECT""}"
table grants,30,"{""table"":""rooms"",""schema"":""public"",""grantee"":""authenticated"",""grantor"":""postgres"",""is_grantable"":""NO"",""privilege_type"":""UPDATE""}"
table grants,31,"{""table"":""rooms"",""schema"":""public"",""grantee"":""postgres"",""grantor"":""postgres"",""is_grantable"":""YES"",""privilege_type"":""DELETE""}"
table grants,32,"{""table"":""rooms"",""schema"":""public"",""grantee"":""postgres"",""grantor"":""postgres"",""is_grantable"":""YES"",""privilege_type"":""INSERT""}"
table grants,33,"{""table"":""rooms"",""schema"":""public"",""grantee"":""postgres"",""grantor"":""postgres"",""is_grantable"":""YES"",""privilege_type"":""REFERENCES""}"
table grants,34,"{""table"":""rooms"",""schema"":""public"",""grantee"":""postgres"",""grantor"":""postgres"",""is_grantable"":""YES"",""privilege_type"":""SELECT""}"
table grants,35,"{""table"":""rooms"",""schema"":""public"",""grantee"":""postgres"",""grantor"":""postgres"",""is_grantable"":""YES"",""privilege_type"":""TRIGGER""}"
table grants,36,"{""table"":""rooms"",""schema"":""public"",""grantee"":""postgres"",""grantor"":""postgres"",""is_grantable"":""YES"",""privilege_type"":""TRUNCATE""}"
table grants,37,"{""table"":""rooms"",""schema"":""public"",""grantee"":""postgres"",""grantor"":""postgres"",""is_grantable"":""YES"",""privilege_type"":""UPDATE""}"
table grants,38,"{""table"":""rooms"",""schema"":""public"",""grantee"":""service_role"",""grantor"":""postgres"",""is_grantable"":""NO"",""privilege_type"":""DELETE""}"
table grants,39,"{""table"":""rooms"",""schema"":""public"",""grantee"":""service_role"",""grantor"":""postgres"",""is_grantable"":""NO"",""privilege_type"":""INSERT""}"
table grants,40,"{""table"":""rooms"",""schema"":""public"",""grantee"":""service_role"",""grantor"":""postgres"",""is_grantable"":""NO"",""privilege_type"":""REFERENCES""}"
table grants,41,"{""table"":""rooms"",""schema"":""public"",""grantee"":""service_role"",""grantor"":""postgres"",""is_grantable"":""NO"",""privilege_type"":""SELECT""}"
table grants,42,"{""table"":""rooms"",""schema"":""public"",""grantee"":""service_role"",""grantor"":""postgres"",""is_grantable"":""NO"",""privilege_type"":""TRIGGER""}"
table grants,43,"{""table"":""rooms"",""schema"":""public"",""grantee"":""service_role"",""grantor"":""postgres"",""is_grantable"":""NO"",""privilege_type"":""TRUNCATE""}"
table grants,44,"{""table"":""rooms"",""schema"":""public"",""grantee"":""service_role"",""grantor"":""postgres"",""is_grantable"":""NO"",""privilege_type"":""UPDATE""}"
table row security state,1,"{""table"":""participants"",""schema"":""public"",""relkind"":""r"",""table_owner"":""postgres"",""row_security_forced"":false,""row_security_enabled"":true}"
table row security state,2,"{""table"":""rooms"",""schema"":""public"",""relkind"":""r"",""table_owner"":""postgres"",""row_security_forced"":false,""row_security_enabled"":true}"